Année,Mois,Source_URL,PDF_Title,PDF_URL
2010,de Janvier,https://www.hcp.ma/L-Indice-des-prix-a-la-consommation-IPC-du-mois-de-janvier-2010_a59.html,Note d’information relative à l’indice des prix à la consommation (ipc) du mois de janvier 2010 (version arabe),https://www.hcp.ma/attachment/2234285/
2010,de Janvier,https://www.hcp.ma/L-Indice-des-prix-a-la-consommation-IPC-du-mois-de-janvier-2010_a59.html,Note d’information relative à l’indice des prix à la consommation (ipc) du mois de janvier 2010 (version française),https://www.hcp.ma/attachment/2234286/
2010,de Février,https://www.hcp.ma/L-Indice-des-prix-a-la-consommation-IPC-du-mois-de-fevrier-2010_a56.html,Note d’information relative à l'Indice des Prix à la Consommation (IPC) du mois de février 2010 (version arabe),https://www.hcp.ma/attachment/2234276/
2010,de Février,https://www.hcp.ma/L-Indice-des-prix-a-la-consommation-IPC-du-mois-de-fevrier-2010_a56.html,Note d’information relative à l'Indice des Prix à la Consommation (IPC) du mois de février 2010 (version française),https://www.hcp.ma/attachment/2234277/
2010,de Mars,https://www.hcp.ma/L-Indice-des-prix-a-la-consommation-IPC-du-mois-de-mars-2010_a54.html,Note d’information relative à l'indice des prix à la consommation (IPC) du mois de mars 2010 (version française),https://www.hcp.ma/attachment/2234270/
2010,de Mars,https://www.hcp.ma/L-Indice-des-prix-a-la-consommation-IPC-du-mois-de-mars-2010_a54.html,Note d’information relative à l'indice des prix à la consommation (IPC) du mois de mars 2010 (version arabe),https://www.hcp.ma/attachment/2234271/
2010,d'Avril,https://www.hcp.ma/L-Indice-des-prix-a-la-consommation-IPC-du-mois-d-avril-2010_a52.html,Note d’information relative à l'indice des prix à la consommation (IPC) du mois d'avril 2010 (version arabe),https://www.hcp.ma/attachment/2234265/
2010,d'Avril,https://www.hcp.ma/L-Indice-des-prix-a-la-consommation-IPC-du-mois-d-avril-2010_a52.html,Note d’information relative à l'indice des prix à la consommation (IPC) du mois d'avril 2010 (version française),https://www.hcp.ma/attachment/2234266/
2010,de Mai,https://www.hcp.ma/L-Indice-des-prix-a-la-consommation-IPC-du-mois-de-mai-2010_a49.html,Note d'information relative à l'Indice des Prix à la Consommation (IPC) du mois de mai 2010 (version arabe),https://www.hcp.ma/attachment/2234256/
2010,de Mai,https://www.hcp.ma/L-Indice-des-prix-a-la-consommation-IPC-du-mois-de-mai-2010_a49.html,Note d'information relative à l'Indice des Prix à la Consommation (IPC) du mois de mai 2010 (version française),https://www.hcp.ma/attachment/2234257/
2010,de Juillet,https://www.hcp.ma/L-Indice-des-prix-a-la-consommation-IPC-du-mois-de-juillet-2010_a45.html,Note d'information relative à l'Indice des Prix à la Consommation (IPC) du mois de juillet 2010 (version arabe),https://www.hcp.ma/attachment/2234240/
2010,de Juillet,https://www.hcp.ma/L-Indice-des-prix-a-la-consommation-IPC-du-mois-de-juillet-2010_a45.html,Note d'information relative à l'Indice des Prix à la Consommation (IPC) du mois de juillet 2010 (version française),https://www.hcp.ma/attachment/2234241/
2010,d'Août,https://www.hcp.ma/L-Indice-des-prix-a-la-consommation-IPC-du-mois-d-aout-2010_a42.html,Note d'information relative à l'Indice des Prix à la Consommation (IPC) du mois d'août 2010 (version arabe),https://www.hcp.ma/attachment/2234232/
2010,d'Août,https://www.hcp.ma/L-Indice-des-prix-a-la-consommation-IPC-du-mois-d-aout-2010_a42.html,Note d'information relative à l'Indice des Prix à la Consommation (IPC) du mois d'août 2010 (version française),https://www.hcp.ma/attachment/2234233/
2010,de Septembre,https://www.hcp.ma/L-Indice-des-prix-a-la-consommation-IPC-du-mois-de-septembre-2010_a567.html,Note d'information relative à l'Indice des Prix à la Consommation (IPC) du mois de septembre 2010,https://www.hcp.ma/attachment/2234227/
2010,d'Octobre,https://www.hcp.ma/L-Indice-des-prix-a-la-consommation-IPC-du-mois-d-octobre-2010_a37.html,Note d'information relative à l'Indice des Prix à la Consommation (IPC) du mois d'octobre 2010,https://www.hcp.ma/attachment/2234219/
2010,de Novembre,https://www.hcp.ma/L-Indice-des-prix-a-la-consommation-IPC-du-mois-de-novembre-2010_a33.html,Note d'information relative à l’indice des prix à la consommation (IPC) du mois de novembre 2010 (version française),https://www.hcp.ma/attachment/2234209/
2010,de Novembre,https://www.hcp.ma/L-Indice-des-prix-a-la-consommation-IPC-du-mois-de-novembre-2010_a33.html,Note d'information relative à l’indice des prix à la consommation (IPC) du mois de novembre 2010 (version arabe),https://www.hcp.ma/attachment/2234210/
2010,de Décembre,https://www.hcp.ma/L-Indice-des-prix-a-la-consommation-IPC-de-l-annee-2010_a30.html,Note d’information relative à l’Indice des Prix à la Consommation (IPC) de l’année 2010 (version arabe),https://www.hcp.ma/attachment/2234203/
2010,de Décembre,https://www.hcp.ma/L-Indice-des-prix-a-la-consommation-IPC-de-l-annee-2010_a30.html,Note d’information relative à l’Indice des Prix à la Consommation (IPC) de l’année 2010 (version française),https://www.hcp.ma/attachment/2234204/
2011,de Janvier,https://www.hcp.ma/L-Indice-des-prix-a-la-consommation-IPC-du-mois-de-Janvier-2011_a23.html,Note d’information relative à l’Indice des Prix à la Consommation (IPC) du mois de janvier 2011 (version française),https://www.hcp.ma/attachment/2234190/
2011,de Janvier,https://www.hcp.ma/L-Indice-des-prix-a-la-consommation-IPC-du-mois-de-Janvier-2011_a23.html,Note d’information relative à l’Indice des Prix à la Consommation (IPC) du mois de janvier 2011 (version arabe),https://www.hcp.ma/attachment/2234191/
2011,de Février,https://www.hcp.ma/L-Indice-des-prix-a-la-consommation-IPC-du-mois-de-fevrier-2011_a180.html,Note d’information relative à l’indice des prix à la consommation (IPC) du mois de février 2011 (version arabe),https://www.hcp.ma/attachment/2234183/
2011,de Février,https://www.hcp.ma/L-Indice-des-prix-a-la-consommation-IPC-du-mois-de-fevrier-2011_a180.html,Note d’information relative à l’indice des prix à la consommation (IPC) du mois de février 2011 (version française),https://www.hcp.ma/attachment/2234184/
2011,de Mars,https://www.hcp.ma/L-Indice-des-prix-a-la-consommation-IPC-du-mois-de-mars-2011_a601.html,Note d’information relative à l’Indice des Prix à la Consommation (IPC) du mois de mars 2011 (version arabe),https://www.hcp.ma/attachment/2234177/
2011,de Mars,https://www.hcp.ma/L-Indice-des-prix-a-la-consommation-IPC-du-mois-de-mars-2011_a601.html,Note d’information relative à l’Indice des Prix à la Consommation (IPC) du mois de mars 2011 (version française),https://www.hcp.ma/attachment/2234178/
2011,d'Avril,https://www.hcp.ma/L-Indice-des-prix-a-la-consommation-IPC-du-mois-d-avril-2011_a621.html,Note d’information relative à l’Indice des Prix à la Consommation (IPC)  du mois d’avril 2011 (version française),https://www.hcp.ma/attachment/2234169/
2011,d'Avril,https://www.hcp.ma/L-Indice-des-prix-a-la-consommation-IPC-du-mois-d-avril-2011_a621.html,Note d’information relative à l’Indice des Prix à la Consommation (IPC)  du mois d’avril 2011 (version arabe),https://www.hcp.ma/attachment/2234170/
2011,de Mai,https://www.hcp.ma/L-Indice-des-prix-a-la-consommation-IPC-du-mois-de-mai-2011_a645.html,Note d’information relative à l’Indice des Prix à la Consommation (IPC) du mois du mois de mai 2011 (version française),https://www.hcp.ma/attachment/2234157/
2011,de Mai,https://www.hcp.ma/L-Indice-des-prix-a-la-consommation-IPC-du-mois-de-mai-2011_a645.html,Note d’information relative à l’Indice des Prix à la Consommation (IPC) du mois du mois de mai 2011 (version arabe),https://www.hcp.ma/attachment/2234158/
2011,de Juin,https://www.hcp.ma/L-Indice-des-prix-a-la-consommation-IPC-du-mois-de-juin-2011_a697.html,Note d’information relative à l’indice des prix à la consommation (IPC) du mois de juin 2011 (version française),https://www.hcp.ma/attachment/2234147/
2011,de Juin,https://www.hcp.ma/L-Indice-des-prix-a-la-consommation-IPC-du-mois-de-juin-2011_a697.html,Note d’information relative à l’indice des prix à la consommation (IPC) du mois de juin 2011 (version arabe),https://www.hcp.ma/attachment/2234148/
2011,de Juillet,https://www.hcp.ma/L-Indice-des-prix-a-la-consommation-IPC-du-mois-de-juillet-2011_a834.html,Note d’information du Haut Commissariat au Plan relative à l’indice des prix à la consommation (IPC) du mois de juillet 2011 (version française),https://www.hcp.ma/attachment/2234139/
2011,de Juillet,https://www.hcp.ma/L-Indice-des-prix-a-la-consommation-IPC-du-mois-de-juillet-2011_a834.html,Note d’information du Haut Commissariat au Plan relative à l’indice des prix à la consommation (IPC) du mois de juillet 2011 (version arabe),https://www.hcp.ma/attachment/2234140/
2011,d'Août,https://www.hcp.ma/L-Indice-des-prix-a-la-consommation-IPC-du-mois-d-Aout-2011_a885.html,Note d’information du Haut Commissariat au Plan relative à l’indice des prix à la consommation (IPC) du mois de Août 2011 (version française),https://www.hcp.ma/attachment/2234131/
2011,d'Août,https://www.hcp.ma/L-Indice-des-prix-a-la-consommation-IPC-du-mois-d-Aout-2011_a885.html,Note d’information du Haut Commissariat au Plan relative à l’indice des prix à la consommation (IPC) du mois de Août 2011 (version arabe),https://www.hcp.ma/attachment/2234132/
2011,de Septembre,https://www.hcp.ma/L-Indice-des-prix-a-la-consommation-IPC-du-mois-de-septembre-2011_a929.html,Note d'information du Haut Commissariat au Plan relative à l’indice des prix à la consommation (IPC) du mois de septembre 2011 (version française),https://www.hcp.ma/attachment/2234125/
2011,de Septembre,https://www.hcp.ma/L-Indice-des-prix-a-la-consommation-IPC-du-mois-de-septembre-2011_a929.html,Note d'information du Haut Commissariat au Plan relative à l’indice des prix à la consommation (IPC) du mois de septembre 2011 (version arabe),https://www.hcp.ma/attachment/2234126/
2011,d'Octobre,https://www.hcp.ma/L-Indice-des-prix-a-la-consommation-IPC-du-mois-d-Octobre-2011_a936.html,Note d'information du Haut Commissariat au Plan relative à l’indice des prix à la consommation (IPC) du mois d'Octobre 2011 (version française),https://www.hcp.ma/attachment/2234117/
2011,d'Octobre,https://www.hcp.ma/L-Indice-des-prix-a-la-consommation-IPC-du-mois-d-Octobre-2011_a936.html,Note d'information du Haut Commissariat au Plan relative à l’indice des prix à la consommation (IPC) du mois d'Octobre 2011 (version arabe),https://www.hcp.ma/attachment/2234118/
2011,de Novembre,https://www.hcp.ma/L-Indice-des-prix-a-la-consommation-IPC-du-mois-de-Novembre-2011_a943.html,Note d'information du Haut Commissariat au Plan relative à l’indice des prix à la consommation (IPC) du mois de Novembre 2011 (version française),https://www.hcp.ma/attachment/2234106/
2011,de Novembre,https://www.hcp.ma/L-Indice-des-prix-a-la-consommation-IPC-du-mois-de-Novembre-2011_a943.html,Note d'information du Haut Commissariat au Plan relative à l’indice des prix à la consommation (IPC) du mois de Novembre 2011 (version arabe),https://www.hcp.ma/attachment/2234107/
2011,de Décembre,https://www.hcp.ma/L-Indice-des-prix-a-la-consommation-IPC-de-l-annee-2011_a951.html,Note d'information du Haut Commissariat au Plan relative à l’indice des prix à la consommation (IPC) de l'année 2011 (version française),https://www.hcp.ma/attachment/2234094/
2011,de Décembre,https://www.hcp.ma/L-Indice-des-prix-a-la-consommation-IPC-de-l-annee-2011_a951.html,Note d'information du Haut Commissariat au Plan relative à l’indice des prix à la consommation (IPC) de l'année 2011 (version arabe),https://www.hcp.ma/attachment/2234095/
2012,de Janvier,https://www.hcp.ma/L-Indice-des-prix-a-la-consommation-IPC-du-mois-de-Janvier-2012_a964.html,Note d'information du Haut Commissariat au Plan relative à l’indice des prix à la consommation (IPC) du mois de Janvier 2012 (version française),https://www.hcp.ma/attachment/2234080/
2012,de Janvier,https://www.hcp.ma/L-Indice-des-prix-a-la-consommation-IPC-du-mois-de-Janvier-2012_a964.html,Note d'information du Haut Commissariat au Plan relative à l’indice des prix à la consommation (IPC) du mois de Janvier 2012 (version arabe),https://www.hcp.ma/attachment/2234081/
2012,de Mars,https://www.hcp.ma/L-Indice-des-prix-a-la-consommation-IPC-du-mois-de-Mars-2012_a997.html,Note d'information du Haut Commissariat au Plan relative à l’indice des prix à la consommation (IPC) du mois de Mars 2012 (version française),https://www.hcp.ma/attachment/2234062/
2012,de Mars,https://www.hcp.ma/L-Indice-des-prix-a-la-consommation-IPC-du-mois-de-Mars-2012_a997.html,Note d'information du Haut Commissariat au Plan relative à l’indice des prix à la consommation (IPC) du mois de Mars 2012 (version arabe),https://www.hcp.ma/attachment/2234063/
2012,d'Avril,https://www.hcp.ma/L-Indice-des-prix-a-la-consommation-IPC-du-mois-d-Avril-2012_a1015.html,Note d'information du Haut Commissariat au Plan relative à l’indice des prix à la consommation (IPC) du mois d'Avril 2012 (version française),https://www.hcp.ma/attachment/2234054/
2012,d'Avril,https://www.hcp.ma/L-Indice-des-prix-a-la-consommation-IPC-du-mois-d-Avril-2012_a1015.html,Note d'information du Haut Commissariat au Plan relative à l’indice des prix à la consommation (IPC) du mois d'Avril 2012 (version arabe),https://www.hcp.ma/attachment/2234055/
2012,de Mai,https://www.hcp.ma/L-Indice-des-prix-a-la-consommation-IPC-du-mois-de-Mai-2012_a1030.html,Note d'information du Haut Commissariat au Plan relative à l’indice des prix à la consommation (IPC) du mois de Mai 2012 (version française),https://www.hcp.ma/attachment/2234038/
2012,de Mai,https://www.hcp.ma/L-Indice-des-prix-a-la-consommation-IPC-du-mois-de-Mai-2012_a1030.html,Note d'information du Haut Commissariat au Plan relative à l’indice des prix à la consommation (IPC) du mois de Mai 2012 (version arabe),https://www.hcp.ma/attachment/2234039/
2012,de Juin,https://www.hcp.ma/L-Indice-des-prix-a-la-consommation-IPC-du-mois-de-Juin-2012_a1038.html,Note d'information du Haut Commissariat au Plan relative à l’indice des prix à la consommation (IPC) du mois de Juin 2012 (version française),https://www.hcp.ma/attachment/2234030/
2012,de Juin,https://www.hcp.ma/L-Indice-des-prix-a-la-consommation-IPC-du-mois-de-Juin-2012_a1038.html,Note d'information du Haut Commissariat au Plan relative à l’indice des prix à la consommation (IPC) du mois de Juin 2012 (version arabe),https://www.hcp.ma/attachment/2234031/
2012,de Juillet,https://www.hcp.ma/L-Indice-des-prix-a-la-consommation-IPC-du-mois-de-Juillet-2012_a1056.html,Note d'information relative à l'IPC du mois de Juillet 2012 (version française),https://www.hcp.ma/attachment/2234022/
2012,de Juillet,https://www.hcp.ma/L-Indice-des-prix-a-la-consommation-IPC-du-mois-de-Juillet-2012_a1056.html,Note d'information relative à l'IPC du mois de Juillet 2012 (version arabe),https://www.hcp.ma/attachment/2234023/
2012,de Septembre,https://www.hcp.ma/L-Indice-des-prix-a-la-consommation-IPC-du-mois-de-Septembre-2012_a1081.html,Note d’information du Haut Commissariat au Plan relative à l’indice des prix à la consommation (IPC) du mois de Septembre 2012 (version française),https://www.hcp.ma/attachment/2234004/
2012,de Septembre,https://www.hcp.ma/L-Indice-des-prix-a-la-consommation-IPC-du-mois-de-Septembre-2012_a1081.html,Note d’information du Haut Commissariat au Plan relative à l’indice des prix à la consommation (IPC) du mois de Septembre 2012 (version arabe),https://www.hcp.ma/attachment/2234005/
2012,d'Octobre,https://www.hcp.ma/L-Indice-des-prix-a-la-consommation-IPC-du-mois-d-Octobre-2012_a1095.html,Note d’information du Haut Commissariat au Plan relative à l’indice des prix à la consommation (IPC) du mois d'Octobre 2012 (version française),https://www.hcp.ma/attachment/2233996/
2012,d'Octobre,https://www.hcp.ma/L-Indice-des-prix-a-la-consommation-IPC-du-mois-d-Octobre-2012_a1095.html,Note d’information du Haut Commissariat au Plan relative à l’indice des prix à la consommation (IPC) du mois d'Octobre 2012 (version arabe),https://www.hcp.ma/attachment/2233997/
2012,de Novembre,https://www.hcp.ma/L-Indice-des-prix-a-la-consommation-IPC-du-mois-de-Novembre-2012_a1113.html,Note d’information du Haut Commissariat au Plan relative à l’indice des prix à la consommation (IPC) du mois de Novembre 2012 (version française),https://www.hcp.ma/attachment/2233986/
2012,de Novembre,https://www.hcp.ma/L-Indice-des-prix-a-la-consommation-IPC-du-mois-de-Novembre-2012_a1113.html,Note d’information du Haut Commissariat au Plan relative à l’indice des prix à la consommation (IPC) du mois de Novembre 2012 (version arabe),https://www.hcp.ma/attachment/2233987/
2012,de Décembre,https://www.hcp.ma/L-Indice-des-prix-a-la-consommation-IPC-de-l-annee-2012_a1120.html,Note d’information du Haut Commissariat au Plan relative à l’indice des prix à la consommation (IPC) de l'année 2012 (version française),https://www.hcp.ma/attachment/2233976/
2012,de Décembre,https://www.hcp.ma/L-Indice-des-prix-a-la-consommation-IPC-de-l-annee-2012_a1120.html,Note d’information du Haut Commissariat au Plan relative à l’indice des prix à la consommation (IPC) de l'année 2012 (version arabe),https://www.hcp.ma/attachment/2233977/
2013,de Janvier,https://www.hcp.ma/L-Indice-des-prix-a-la-consommation-IPC-du-mois-de-Janvier-2013_a1134.html,Note d’information du Haut Commissariat au Plan relative à l’indice des prix à la consommation (IPC) du mois de Janvier 2013 (version française),https://www.hcp.ma/attachment/2233966/
2013,de Janvier,https://www.hcp.ma/L-Indice-des-prix-a-la-consommation-IPC-du-mois-de-Janvier-2013_a1134.html,Note d’information du Haut Commissariat au Plan relative à l’indice des prix à la consommation (IPC) du mois de Janvier 2013 (version arabe),https://www.hcp.ma/attachment/2233967/
2013,de Février,https://www.hcp.ma/L-Indice-des-prix-a-la-consommation-IPC-du-mois-de-Fevrier-2013_a1146.html,Note d’information du Haut Commissariat au Plan relative à l’indice des prix à la consommation (IPC) du mois de Février 2013 (version française),https://www.hcp.ma/attachment/2233956/
2013,de Février,https://www.hcp.ma/L-Indice-des-prix-a-la-consommation-IPC-du-mois-de-Fevrier-2013_a1146.html,Note d’information du Haut Commissariat au Plan relative à l’indice des prix à la consommation (IPC) du mois de Février 2013 (version arabe),https://www.hcp.ma/attachment/2233957/
2013,de Mars,https://www.hcp.ma/L-Indice-des-prix-a-la-consommation-IPC-du-mois-de-Mars-2013_a1166.html,Note d’information relative a l’indice des prix a la consommation (IPC) du mois de mars 2013 (version française),https://www.hcp.ma/attachment/2233950/
2013,de Mars,https://www.hcp.ma/L-Indice-des-prix-a-la-consommation-IPC-du-mois-de-Mars-2013_a1166.html,Note d’information relative a l’indice des prix a la consommation (IPC) du mois de mars 2013 (version arabe),https://www.hcp.ma/attachment/2233951/
2013,d'Avril,https://www.hcp.ma/L-Indice-des-prix-a-la-consommation-IPC-du-mois-d-Avril-2013_a1175.html,Note d’information relative a l’indice des prix a la consommation (IPC) du mois d'Avril 2013 (version française),https://www.hcp.ma/attachment/2233942/
2013,d'Avril,https://www.hcp.ma/L-Indice-des-prix-a-la-consommation-IPC-du-mois-d-Avril-2013_a1175.html,Note d’information relative a l’indice des prix a la consommation (IPC) du mois d'Avril 2013 (version arabe),https://www.hcp.ma/attachment/2233943/
2013,de Mai,https://www.hcp.ma/L-Indice-des-prix-a-la-consommation-IPC-du-mois-de-Mai-2013_a1186.html,Note d’information relative a l’indice des prix a la consommation (IPC) du mois de Mai 2013 (version française),https://www.hcp.ma/attachment/2233930/
2013,de Mai,https://www.hcp.ma/L-Indice-des-prix-a-la-consommation-IPC-du-mois-de-Mai-2013_a1186.html,Note d’information relative a l’indice des prix a la consommation (IPC) du mois de Mai 2013 (version arabe),https://www.hcp.ma/attachment/2233931/
2013,de Juillet,https://www.hcp.ma/L-Indice-des-prix-a-la-consommation-IPC-du-mois-de-Juillet-2013_a1244.html,Note d’information relative à l’indice des prix à la consommation (IPC) du mois de Juillet 2013 (version française),https://www.hcp.ma/attachment/2233912/
2013,de Juillet,https://www.hcp.ma/L-Indice-des-prix-a-la-consommation-IPC-du-mois-de-Juillet-2013_a1244.html,Note d’information relative à l’indice des prix à la consommation (IPC) du mois de Juillet 2013 (version arabe),https://www.hcp.ma/attachment/2233913/
2013,d'Août,https://www.hcp.ma/L-Indice-des-prix-a-la-consommation-IPC-du-mois-d-Aout-2013_a1252.html,Note d’information relative à l’indice des prix à la consommation (IPC) du mois d'Août 2013 (version française),https://www.hcp.ma/attachment/2233904/
2013,d'Août,https://www.hcp.ma/L-Indice-des-prix-a-la-consommation-IPC-du-mois-d-Aout-2013_a1252.html,Note d’information relative à l’indice des prix à la consommation (IPC) du mois d'Août 2013 (version arabe),https://www.hcp.ma/attachment/2233905/
2013,de Septembre,https://www.hcp.ma/L-Indice-des-prix-a-la-consommation-IPC-du-mois-de-Septembre-2013_a1263.html,Note d’information du Haut Commissariat au Plan relative à l’indice des prix à la consommation (IPC) du mois de Septembre 2013 (version française),https://www.hcp.ma/attachment/2233894/
2013,de Septembre,https://www.hcp.ma/L-Indice-des-prix-a-la-consommation-IPC-du-mois-de-Septembre-2013_a1263.html,Note d’information du Haut Commissariat au Plan relative à l’indice des prix à la consommation (IPC) du mois de Septembre 2013 (version arabe),https://www.hcp.ma/attachment/2233895/
2013,d'Octobre,https://www.hcp.ma/L-Indice-des-prix-a-la-consommation-IPC-du-mois-d-Octobre-2013_a1281.html,IPC_Octobre 2013_Fr.docx,https://www.hcp.ma/attachment/2233886/
2013,d'Octobre,https://www.hcp.ma/L-Indice-des-prix-a-la-consommation-IPC-du-mois-d-Octobre-2013_a1281.html,IPC_Octobre 2013_Ar.docx,https://www.hcp.ma/attachment/2233887/
2013,de Novembre,https://www.hcp.ma/L-Indice-des-prix-a-la-consommation-IPC-du-mois-de-Novembre-2013_a1296.html,Note d’information relative à l’indice des prix à la consommation (IPC) du mois de Novembre 2013 (version française),https://www.hcp.ma/attachment/2233878/
2013,de Novembre,https://www.hcp.ma/L-Indice-des-prix-a-la-consommation-IPC-du-mois-de-Novembre-2013_a1296.html,Note d’information relative à l’indice des prix à la consommation (IPC) du mois de Novembre 2013 (version arabe),https://www.hcp.ma/attachment/2233879/
2013,de Décembre,https://www.hcp.ma/L-indice-des-prix-a-la-consommation-IPC-de-l-annee-2013_a1308.html,Note d’information du Haut Commissariat au Plan relative à l’indice des prix à la consommation (IPC) de l’année 2013 (version française),https://www.hcp.ma/attachment/2233870/
2013,de Décembre,https://www.hcp.ma/L-indice-des-prix-a-la-consommation-IPC-de-l-annee-2013_a1308.html,Note d’information du Haut Commissariat au Plan relative à l’indice des prix à la consommation (IPC) de l’année 2013 (version arabe),https://www.hcp.ma/attachment/2233871/
2014,de Janvier,https://www.hcp.ma/L-Indice-des-prix-a-la-consommation-IPC-du-mois-de-Janvier-2014_a1348.html,Note d’information relative à l’indice des prix à la consommation (IPC) du mois de Janvier 2014 (version française),https://www.hcp.ma/attachment/2233860/
2014,de Janvier,https://www.hcp.ma/L-Indice-des-prix-a-la-consommation-IPC-du-mois-de-Janvier-2014_a1348.html,Note d’information relative à l’indice des prix à la consommation (IPC) du mois de Janvier 2014 (version arabe),https://www.hcp.ma/attachment/2233861/
2014,de Février,https://www.hcp.ma/L-Indice-des-prix-a-la-consommation-IPC-du-mois-de-Fevrier-2014_a1370.html,Note d’information relative à l’indice des prix à la consommation (IPC) du mois de Février 2014 (version française),https://www.hcp.ma/attachment/2233853/
2014,de Février,https://www.hcp.ma/L-Indice-des-prix-a-la-consommation-IPC-du-mois-de-Fevrier-2014_a1370.html,Note d’information relative à l’indice des prix à la consommation (IPC) du mois de Février 2014 (version arabe),https://www.hcp.ma/attachment/2233854/
2014,de Mars,https://www.hcp.ma/L-Indice-des-prix-a-la-consommation-IPC-du-mois-de-Mars-2014_a1386.html,Note d'information IPC pour le mois de Mars 2014 (version française),https://www.hcp.ma/attachment/2233845/
2014,de Mars,https://www.hcp.ma/L-Indice-des-prix-a-la-consommation-IPC-du-mois-de-Mars-2014_a1386.html,Note d'information IPC pour le mois de Mars 2014 (version arabe),https://www.hcp.ma/attachment/2233846/
2014,d'Avril,https://www.hcp.ma/L-Indice-des-prix-a-la-consommation-IPC-du-mois-d-Avril-2014_a1400.html,Note d'information IPC pour le mois d'Avril 2014 (version française),https://www.hcp.ma/attachment/2233837/
2014,d'Avril,https://www.hcp.ma/L-Indice-des-prix-a-la-consommation-IPC-du-mois-d-Avril-2014_a1400.html,Note d'information IPC pour le mois d'Avril 2014 (version arabe),https://www.hcp.ma/attachment/2233838/
2014,de Mai,https://www.hcp.ma/L-Indice-des-prix-a-la-consommation-IPC-du-mois-de-Mai-2014_a1415.html,Note d'information IPC Mai 2014 (Version française),https://www.hcp.ma/attachment/2233829/
2014,de Mai,https://www.hcp.ma/L-Indice-des-prix-a-la-consommation-IPC-du-mois-de-Mai-2014_a1415.html,Note d'information IPC Mai 2014 (Version arabe),https://www.hcp.ma/attachment/2233830/
2014,de Juin,https://www.hcp.ma/L-Indice-des-prix-a-la-consommation-IPC-du-mois-de-Juin-2014_a1434.html,Note d'information IPC Juin 2014 (Version française),https://www.hcp.ma/attachment/2233819/
2014,de Juin,https://www.hcp.ma/L-Indice-des-prix-a-la-consommation-IPC-du-mois-de-Juin-2014_a1434.html,IPC_Juin 2014_Ar.docx,https://www.hcp.ma/attachment/2233820/
2014,de Juillet,https://www.hcp.ma/L-Indice-des-prix-a-la-consommation-IPC-du-mois-de-Juillet-2014_a1442.html,IPC Juillet 2014 (Version Fr),https://www.hcp.ma/attachment/2233811/
2014,de Juillet,https://www.hcp.ma/L-Indice-des-prix-a-la-consommation-IPC-du-mois-de-Juillet-2014_a1442.html,IPC Juillet 2014 (Version Ar),https://www.hcp.ma/attachment/2233812/
2014,d'Août,https://www.hcp.ma/L-Indice-des-prix-a-la-consommation-IPC-du-mois-d-Aout-2014_a1446.html,IPC Août 2014 (Version Fr),https://www.hcp.ma/attachment/2233805/
2014,d'Août,https://www.hcp.ma/L-Indice-des-prix-a-la-consommation-IPC-du-mois-d-Aout-2014_a1446.html,IPC Août 2014 (Version Ar),https://www.hcp.ma/attachment/2233806/
2014,de Septembre,https://www.hcp.ma/L-Indice-des-prix-a-la-consommation-IPC-du-mois-de-Septembre-2014_a1459.html,Note d'information IPC Septembre 2014 (Version française),https://www.hcp.ma/attachment/2233799/
2014,de Septembre,https://www.hcp.ma/L-Indice-des-prix-a-la-consommation-IPC-du-mois-de-Septembre-2014_a1459.html,Note d'information IPC Septembre 2014 (Version arabe),https://www.hcp.ma/attachment/2233800/
2014,d'Octobre,https://www.hcp.ma/L-Indice-des-prix-a-la-consommation-IPC-du-mois-d-Octobre-2014_a1473.html,IPC Octobre 2014 (Version Fr),https://www.hcp.ma/attachment/2233789/
2014,d'Octobre,https://www.hcp.ma/L-Indice-des-prix-a-la-consommation-IPC-du-mois-d-Octobre-2014_a1473.html,IPC Octobre 2014 (Version Ar),https://www.hcp.ma/attachment/2233790/
2014,de Novembre,https://www.hcp.ma/L-Indice-des-prix-a-la-consommation-IPC-du-mois-de-Novembre-2014_a1481.html,IPC Novembre 2014 (version française),https://www.hcp.ma/attachment/2233783/
2014,de Novembre,https://www.hcp.ma/L-Indice-des-prix-a-la-consommation-IPC-du-mois-de-Novembre-2014_a1481.html,IPC Novembre 2014 (version arabe),https://www.hcp.ma/attachment/2233784/
2014,de Décembre,https://www.hcp.ma/L-Indice-des-prix-a-la-consommation-IPC-de-l-annee-2014_a1496.html,IPC de l'année 2014 (version française),https://www.hcp.ma/attachment/2233775/
2014,de Décembre,https://www.hcp.ma/L-Indice-des-prix-a-la-consommation-IPC-de-l-annee-2014_a1496.html,IPC de l'année 2014 (version arabe),https://www.hcp.ma/attachment/2233776/
2015,de Janvier,https://www.hcp.ma/L-Indice-des-prix-a-la-consommation-IPC-du-mois-de-Janvier-2015_a1508.html,Note d’information relative à l’indice des prix à la consommation (IPC) du mois de Janvier 2015 (version française),https://www.hcp.ma/attachment/2233764/
2015,de Janvier,https://www.hcp.ma/L-Indice-des-prix-a-la-consommation-IPC-du-mois-de-Janvier-2015_a1508.html,Note d’information relative à l’indice des prix à la consommation (IPC) du mois de Janvier 2015 (version arabe),https://www.hcp.ma/attachment/2233765/
2015,de Février,https://www.hcp.ma/L-Indice-des-prix-a-la-consommation-IPC-du-mois-de-Fevrier-2015_a1514.html,Note d’information relative à l’indice des prix à la consommation (IPC) du mois de Février 2015 (version française),https://www.hcp.ma/attachment/2233758/
2015,de Février,https://www.hcp.ma/L-Indice-des-prix-a-la-consommation-IPC-du-mois-de-Fevrier-2015_a1514.html,Note d’information relative à l’indice des prix à la consommation (IPC) du mois de Février 2015 (version arabe),https://www.hcp.ma/attachment/2233759/
2015,de Mars,https://www.hcp.ma/L-Indice-des-prix-a-la-consommation-IPC-du-mois-de-Mars-2015_a1531.html,IPC Mars 2015 (Version Fr),https://www.hcp.ma/attachment/2233746/
2015,de Mars,https://www.hcp.ma/L-Indice-des-prix-a-la-consommation-IPC-du-mois-de-Mars-2015_a1531.html,IPC Mars 2015 (Version Ar),https://www.hcp.ma/attachment/2233747/
2015,d'Avril,https://www.hcp.ma/L-Indice-des-prix-a-la-consommation-IPC-du-mois-d-Avril-2015_a1543.html,IPC Avril 2015 (version Fr),https://www.hcp.ma/attachment/2233738/
2015,d'Avril,https://www.hcp.ma/L-Indice-des-prix-a-la-consommation-IPC-du-mois-d-Avril-2015_a1543.html,IPC Avril 2015 (version Ar),https://www.hcp.ma/attachment/2233739/
2015,de Mai,https://www.hcp.ma/L-Indice-des-prix-a-la-consommation-IPC-du-mois-de-Mai-2015_a1557.html,IPC Mai 2015 (version Fr),https://www.hcp.ma/attachment/2233727/
2015,de Mai,https://www.hcp.ma/L-Indice-des-prix-a-la-consommation-IPC-du-mois-de-Mai-2015_a1557.html,IPC Mai 2015 (version Ar),https://www.hcp.ma/attachment/2233728/
2015,de Juin,https://www.hcp.ma/L-Indice-des-prix-a-la-consommation-IPC-du-mois-de-Juin-2015_a1579.html,IPC Juin 2015 (version Fr),https://www.hcp.ma/attachment/2233720/
2015,de Juin,https://www.hcp.ma/L-Indice-des-prix-a-la-consommation-IPC-du-mois-de-Juin-2015_a1579.html,IPC Juin 2015 (version Ar),https://www.hcp.ma/attachment/2233721/
2015,de Juillet,https://www.hcp.ma/L-Indice-des-prix-a-la-consommation-IPC-du-mois-de-Juillet-2015_a1587.html,IPC Juillet 2015 (Version Fr),https://www.hcp.ma/attachment/2233712/
2015,de Juillet,https://www.hcp.ma/L-Indice-des-prix-a-la-consommation-IPC-du-mois-de-Juillet-2015_a1587.html,IPC Juillet 2015 (Version Ar),https://www.hcp.ma/attachment/2233713/
2015,d'Août,https://www.hcp.ma/L-Indice-des-prix-a-la-consommation-IPC-du-mois-d-Aout-2015_a1592.html,IPC Août 2015 (Version Fr),https://www.hcp.ma/attachment/2233704/
2015,d'Août,https://www.hcp.ma/L-Indice-des-prix-a-la-consommation-IPC-du-mois-d-Aout-2015_a1592.html,IPC Août 2015 (Version Ar),https://www.hcp.ma/attachment/2233705/
2015,de Septembre,https://www.hcp.ma/L-Indice-des-prix-a-la-consommation-IPC-du-mois-de-Septembre-2015_a1608.html,IPC Septembre 2015 (Version Fr),https://www.hcp.ma/attachment/2233694/
2015,de Septembre,https://www.hcp.ma/L-Indice-des-prix-a-la-consommation-IPC-du-mois-de-Septembre-2015_a1608.html,IPC Septembre 2015 (Version Ar),https://www.hcp.ma/attachment/2233695/
2015,d'Octobre,https://www.hcp.ma/L-Indice-des-prix-a-la-consommation-IPC-du-mois-d-Octobre-2015_a1617.html,IPC Octobre 2015 (Version Fr),https://www.hcp.ma/attachment/2233686/
2015,d'Octobre,https://www.hcp.ma/L-Indice-des-prix-a-la-consommation-IPC-du-mois-d-Octobre-2015_a1617.html,IPC Octobre 2015 (Version Ar),https://www.hcp.ma/attachment/2233687/
2015,de Novembre,https://www.hcp.ma/L-Indice-des-prix-a-la-consommation-IPC-du-mois-de-Novembre-2015_a1633.html,IPC Novembre 2015 (version Fr),https://www.hcp.ma/attachment/2233679/
2015,de Novembre,https://www.hcp.ma/L-Indice-des-prix-a-la-consommation-IPC-du-mois-de-Novembre-2015_a1633.html,IPC Novembre 2015 (version Ar),https://www.hcp.ma/attachment/2233680/
2015,de Décembre,https://www.hcp.ma/L-Indice-des-prix-a-la-consommation-IPC-de-l-annee-2015_a1656.html,IPC_Année 2015_Fr,https://www.hcp.ma/attachment/2233669/
2015,de Décembre,https://www.hcp.ma/L-Indice-des-prix-a-la-consommation-IPC-de-l-annee-2015_a1656.html,IPC_Année 2015_Ar,https://www.hcp.ma/attachment/2233670/
2016,de Janvier,https://www.hcp.ma/L-Indice-des-prix-a-la-consommation-IPC-du-mois-de-Janvier-2016_a1670.html,IPC_janvier 2016_Fr.docx,https://www.hcp.ma/attachment/2233659/
2016,de Janvier,https://www.hcp.ma/L-Indice-des-prix-a-la-consommation-IPC-du-mois-de-Janvier-2016_a1670.html,IPC_janvier 2016_Ar.docx,https://www.hcp.ma/attachment/2233660/
2016,de Février,https://www.hcp.ma/L-Indice-des-prix-a-la-consommation-IPC-du-mois-de-Fevrier-2016_a1676.html,IPC Février 2016 (version Fr),https://www.hcp.ma/attachment/2233653/
2016,de Février,https://www.hcp.ma/L-Indice-des-prix-a-la-consommation-IPC-du-mois-de-Fevrier-2016_a1676.html,IPC Février 2016 (version Ar),https://www.hcp.ma/attachment/2233654/
2016,de Mars,https://www.hcp.ma/L-Indice-des-prix-a-la-consommation-IPC-du-mois-de-Mars-2016_a1703.html,IPC_Mars 2016_Fr.docx,https://www.hcp.ma/attachment/2233645/
2016,de Mars,https://www.hcp.ma/L-Indice-des-prix-a-la-consommation-IPC-du-mois-de-Mars-2016_a1703.html,IPC_Mars 2016_Ar.docx,https://www.hcp.ma/attachment/2233646/
2016,d'Avril,https://www.hcp.ma/L-Indice-des-prix-a-la-consommation-IPC-du-mois-d-Avril-2016_a1722.html,IPC Avril 2016 (version Fr),https://www.hcp.ma/attachment/2233637/
2016,d'Avril,https://www.hcp.ma/L-Indice-des-prix-a-la-consommation-IPC-du-mois-d-Avril-2016_a1722.html,IPC Avril 2016 (version Ar),https://www.hcp.ma/attachment/2233638/
2016,de Mai,https://www.hcp.ma/L-Indice-des-prix-a-la-consommation-IPC-du-mois-de-Mai-2016_a1759.html,IPC_Mai 2016_Fr.docx,https://www.hcp.ma/attachment/2233623/
2016,de Mai,https://www.hcp.ma/L-Indice-des-prix-a-la-consommation-IPC-du-mois-de-Mai-2016_a1759.html,IPC_Mai 2016_Ar.docx,https://www.hcp.ma/attachment/2233624/
2016,de Juin,https://www.hcp.ma/L-Indice-des-prix-a-la-consommation-IPC-du-mois-de-Juin-2016_a1780.html,IPC_Juin 2016_Fr.docx,https://www.hcp.ma/attachment/2233617/
2016,de Juin,https://www.hcp.ma/L-Indice-des-prix-a-la-consommation-IPC-du-mois-de-Juin-2016_a1780.html,IPC_Juin 2016_Ar.docx,https://www.hcp.ma/attachment/2233618/
2016,de Juillet,https://www.hcp.ma/L-Indice-des-prix-a-la-consommation-IPC-du-mois-de-Juillet-2016_a1787.html,IPC_Juillet 2016_Fr.docx,https://www.hcp.ma/attachment/2233609/
2016,de Juillet,https://www.hcp.ma/L-Indice-des-prix-a-la-consommation-IPC-du-mois-de-Juillet-2016_a1787.html,IPC_Juillet 2016_Ar.docx,https://www.hcp.ma/attachment/2233610/
2016,d'Août,https://www.hcp.ma/L-Indice-des-prix-a-la-consommation-IPC-du-mois-d-Aout-2016_a1799.html,IPC Août 2016 (version Fr),https://www.hcp.ma/attachment/2233595/
2016,d'Août,https://www.hcp.ma/L-Indice-des-prix-a-la-consommation-IPC-du-mois-d-Aout-2016_a1799.html,IPC Août 2016 (version Ar),https://www.hcp.ma/attachment/2233596/
2016,de Septembre,https://www.hcp.ma/L-Indice-des-prix-a-la-consommation-IPC-du-mois-de-Septembre-2016_a1816.html,IPC Septembre 2016 (version Fr),https://www.hcp.ma/attachment/2233587/
2016,de Septembre,https://www.hcp.ma/L-Indice-des-prix-a-la-consommation-IPC-du-mois-de-Septembre-2016_a1816.html,IPC Septembre 2016 (version Ar),https://www.hcp.ma/attachment/2233588/
2016,d'Octobre,https://www.hcp.ma/L-Indice-des-prix-a-la-consommation-IPC-du-mois-d-Octobre-2016_a1827.html,IPC_Octobre 2016_Fr.docx,https://www.hcp.ma/attachment/2233579/
2016,d'Octobre,https://www.hcp.ma/L-Indice-des-prix-a-la-consommation-IPC-du-mois-d-Octobre-2016_a1827.html,IPC_Octobre 2016_Ar.docx,https://www.hcp.ma/attachment/2233580/
2016,de Novembre,https://www.hcp.ma/L-indice-des-prix-a-la-consommation-IPC-du-mois-de-Novembre-2016_a1840.html,IPC Novembre 2016 (version Fr),https://www.hcp.ma/attachment/2233569/
2016,de Novembre,https://www.hcp.ma/L-indice-des-prix-a-la-consommation-IPC-du-mois-de-Novembre-2016_a1840.html,IPC Novembre 2016 (version Ar),https://www.hcp.ma/attachment/2233570/
2016,de Décembre,https://www.hcp.ma/L-indice-des-prix-a-la-consommation-IPC-du-mois-de-Decembre-2016_a1864.html,IPC_Année 2016_Fr.docx,https://www.hcp.ma/attachment/2233563/
2016,de Décembre,https://www.hcp.ma/L-indice-des-prix-a-la-consommation-IPC-du-mois-de-Decembre-2016_a1864.html,IPC_Année 2016_Ar.docx,https://www.hcp.ma/attachment/2233564/
2017,de Janvier,https://www.hcp.ma/L-indice-des-prix-a-la-consommation-IPC-du-mois-de-Janvier-2017_a1883.html,IPC Janvier 2017 (version Fr),https://www.hcp.ma/attachment/2233549/
2017,de Janvier,https://www.hcp.ma/L-indice-des-prix-a-la-consommation-IPC-du-mois-de-Janvier-2017_a1883.html,IPC Janvier 2017 (version Ar),https://www.hcp.ma/attachment/2233550/
2017,de Février,https://www.hcp.ma/L-indice-des-prix-a-la-consommation-IPC-du-mois-de-Fevrier-2017_a1890.html,IPC Février 2017 (version Fr),https://www.hcp.ma/attachment/2233541/
2017,de Février,https://www.hcp.ma/L-indice-des-prix-a-la-consommation-IPC-du-mois-de-Fevrier-2017_a1890.html,IPC Février 2017 (version Ar),https://www.hcp.ma/attachment/2233542/
2017,de Mars,https://www.hcp.ma/L-indice-des-prix-a-la-consommation-IPC-du-mois-de-Mars-2017_a1902.html,IPC Mars 2017 (version Fr),https://www.hcp.ma/attachment/2233533/
2017,de Mars,https://www.hcp.ma/L-indice-des-prix-a-la-consommation-IPC-du-mois-de-Mars-2017_a1902.html,IPC Mars 2017 (version Ar),https://www.hcp.ma/attachment/2233534/
2017,d'Avril,https://www.hcp.ma/L-indice-des-prix-a-la-consommation-IPC-du-mois-d-Avril-2017_a1919.html,IPC Avril 2017 (version Fr),https://www.hcp.ma/attachment/2233523/
2017,d'Avril,https://www.hcp.ma/L-indice-des-prix-a-la-consommation-IPC-du-mois-d-Avril-2017_a1919.html,IPC Avril 2017 (version Ar),https://www.hcp.ma/attachment/2233524/
2017,de Mai,https://www.hcp.ma/L-indice-des-prix-a-la-consommation-IPC-du-mois-de-Mai-2017_a1952.html,IPC_Mai 2017_Fr.docx,https://www.hcp.ma/attachment/2233508/
2017,de Mai,https://www.hcp.ma/L-indice-des-prix-a-la-consommation-IPC-du-mois-de-Mai-2017_a1952.html,IPC_Mai 2017_Ar.docx,https://www.hcp.ma/attachment/2233509/
2017,de Juin,https://www.hcp.ma/L-indice-des-prix-a-la-consommation-IPC-du-mois-de-juin-2017_a1975.html,IPC_Juin 2017_Fr.docx,https://www.hcp.ma/attachment/2233498/
2017,de Juin,https://www.hcp.ma/L-indice-des-prix-a-la-consommation-IPC-du-mois-de-juin-2017_a1975.html,IPC_Juin 2017_Ar.docx,https://www.hcp.ma/attachment/2233499/
2017,de Juillet,https://www.hcp.ma/L-indice-des-prix-a-la-consommation-IPC-du-mois-de-Juillet-2017_a2004.html,IPC_Juillet 2017_Fr.docx,https://www.hcp.ma/attachment/2233488/
2017,de Juillet,https://www.hcp.ma/L-indice-des-prix-a-la-consommation-IPC-du-mois-de-Juillet-2017_a2004.html,IPC_Juillet 2017_Ar.docx,https://www.hcp.ma/attachment/2233489/
2017,d'Août,https://www.hcp.ma/L-indice-des-prix-a-la-consommation-IPC-du-mois-d-Aout-2017_a2012.html,IPC_Août 2017_Fr.docx,https://www.hcp.ma/attachment/2233478/
2017,d'Août,https://www.hcp.ma/L-indice-des-prix-a-la-consommation-IPC-du-mois-d-Aout-2017_a2012.html,IPC_Août 2017_Ar.docx,https://www.hcp.ma/attachment/2233479/
2017,de Septembre,https://www.hcp.ma/L-indice-des-prix-a-la-consommation-IPC-du-mois-de-Septembre-2017_a2031.html,IPC Septembre 2017 (version Fr),https://www.hcp.ma/attachment/2233454/
2017,de Septembre,https://www.hcp.ma/L-indice-des-prix-a-la-consommation-IPC-du-mois-de-Septembre-2017_a2031.html,IPC Septembre 2017 (version Ar),https://www.hcp.ma/attachment/2233455/
2017,d'Octobre,https://www.hcp.ma/L-indice-des-prix-a-la-consommation-IPC-du-mois-d-Octobre-2017_a2050.html,IPC_Octobre 2017_Fr.docx,https://www.hcp.ma/attachment/2233444/
2017,d'Octobre,https://www.hcp.ma/L-indice-des-prix-a-la-consommation-IPC-du-mois-d-Octobre-2017_a2050.html,IPC_Octobre 2017_Ar.docx,https://www.hcp.ma/attachment/2233445/
2017,de Novembre,https://www.hcp.ma/L-indice-des-prix-a-la-consommation-IPC-du-mois-de-Novembre-2017_a2074.html,IPC Novembre 2017 (version Fr),https://www.hcp.ma/attachment/2233430/
2017,de Novembre,https://www.hcp.ma/L-indice-des-prix-a-la-consommation-IPC-du-mois-de-Novembre-2017_a2074.html,IPC Novembre 2017 (version Ar),https://www.hcp.ma/attachment/2233431/
2017,de Décembre,https://www.hcp.ma/L-indice-des-prix-a-la-consommation-IPC-de-l-annee-2017_a2095.html,IPC Année 2017 (version Fr),https://www.hcp.ma/attachment/2233420/
2017,de Décembre,https://www.hcp.ma/L-indice-des-prix-a-la-consommation-IPC-de-l-annee-2017_a2095.html,IPC Année 2017 (version Ar),https://www.hcp.ma/attachment/2233421/
2018,de Janvier,https://www.hcp.ma/L-indice-des-prix-a-la-consommation-IPC-du-mois-de-Janvier-2018_a2113.html,IPC Janvier 2018 (version Fr),https://www.hcp.ma/attachment/2233414/
2018,de Janvier,https://www.hcp.ma/L-indice-des-prix-a-la-consommation-IPC-du-mois-de-Janvier-2018_a2113.html,IPC Janvier 2018 (version Ar),https://www.hcp.ma/attachment/2233415/
2018,de Février,https://www.hcp.ma/L-indice-des-prix-a-la-consommation-IPC-du-mois-de-Fevrier-2018_a2131.html,IPC_Février 2018_Fr.docx,https://www.hcp.ma/attachment/2233406/
2018,de Février,https://www.hcp.ma/L-indice-des-prix-a-la-consommation-IPC-du-mois-de-Fevrier-2018_a2131.html,IPC_Février 2018_Ar.docx,https://www.hcp.ma/attachment/2233407/
2018,de Mars,https://www.hcp.ma/L-indice-des-prix-a-la-consommation-IPC-du-mois-de-Mars-2018_a2147.html,IPC_Mars 2018_Fr.docx,https://www.hcp.ma/attachment/2233396/
2018,de Mars,https://www.hcp.ma/L-indice-des-prix-a-la-consommation-IPC-du-mois-de-Mars-2018_a2147.html,IPC_Mars 2018_Ar.docx,https://www.hcp.ma/attachment/2233397/
2018,d'Avril,https://www.hcp.ma/L-indice-des-prix-a-la-consommation-IPC-du-mois-d-Avril-2018_a2163.html,IPC Avril 2018 (version Fr),https://www.hcp.ma/attachment/2233388/
2018,d'Avril,https://www.hcp.ma/L-indice-des-prix-a-la-consommation-IPC-du-mois-d-Avril-2018_a2163.html,IPC Avril 2018 (version Ar),https://www.hcp.ma/attachment/2233389/
2018,de Mai,https://www.hcp.ma/L-indice-des-prix-a-la-consommation-IPC-du-mois-de-Mai-2018_a2182.html,IPC_Mai 2018_Fr.docx,https://www.hcp.ma/attachment/2233378/
2018,de Mai,https://www.hcp.ma/L-indice-des-prix-a-la-consommation-IPC-du-mois-de-Mai-2018_a2182.html,IPC_Mai 2018_Ar.docx,https://www.hcp.ma/attachment/2233379/
2018,de Juin,https://www.hcp.ma/Hausse-de-0-2-de-l-indice-des-prix-a-la-consommation-IPC-du-mois-de-Juin-2018-par-rapport-au-mois-precedent_a2195.html,IPC_Juin 2018_Fr.docx,https://www.hcp.ma/attachment/2233368/
2018,de Juin,https://www.hcp.ma/Hausse-de-0-2-de-l-indice-des-prix-a-la-consommation-IPC-du-mois-de-Juin-2018-par-rapport-au-mois-precedent_a2195.html,IPC_Juin 2018_Ar.docx,https://www.hcp.ma/attachment/2233369/
2018,de Juillet,https://www.hcp.ma/Baisse-de-09-de-l-indice-des-prix-a-la-consommation-IPC-du-mois-de-Juillet-2018-par-rapport-au-mois-precedent_a2202.html,IPC_Juillet 2018_Fr.docx,https://www.hcp.ma/attachment/2233362/
2018,de Juillet,https://www.hcp.ma/Baisse-de-09-de-l-indice-des-prix-a-la-consommation-IPC-du-mois-de-Juillet-2018-par-rapport-au-mois-precedent_a2202.html,IPC_Juillet 2018_Ar.docx,https://www.hcp.ma/attachment/2233363/
2018,d'Août,https://www.hcp.ma/Baisse-de-01-de-l-indice-des-prix-a-la-consommation-du-mois-d-aout-2018-par-rapport-au-mois-precedent_a2223.html,IPC Août 2018 (version Fr),https://www.hcp.ma/attachment/2233353/
2018,d'Août,https://www.hcp.ma/Baisse-de-01-de-l-indice-des-prix-a-la-consommation-du-mois-d-aout-2018-par-rapport-au-mois-precedent_a2223.html,IPC Août 2018 (version Ar),https://www.hcp.ma/attachment/2233354/
2018,d'Octobre,https://www.hcp.ma/Baisse-de-01-de-l-indice-des-prix-a-la-consommation-du-mois-d-octobre-2018-par-rapport-au-mois-precedent-Une-inflation_a2252.html,IPC_Octobre 2018_Fr.docx,https://www.hcp.ma/attachment/2233332/
2018,d'Octobre,https://www.hcp.ma/Baisse-de-01-de-l-indice-des-prix-a-la-consommation-du-mois-d-octobre-2018-par-rapport-au-mois-precedent-Une-inflation_a2252.html,IPC_Octobre 2018_Ar.docx,https://www.hcp.ma/attachment/2233333/
2018,de Novembre,https://www.hcp.ma/Hausse-de-07-de-l-indice-des-prix-a-la-consommation-du-mois-de-novembre-2018-par-rapport-au-mois-precedent-Une_a2264.html,IPC Novembre 2018 (version Fr),https://www.hcp.ma/attachment/2233322/
2018,de Novembre,https://www.hcp.ma/Hausse-de-07-de-l-indice-des-prix-a-la-consommation-du-mois-de-novembre-2018-par-rapport-au-mois-precedent-Une_a2264.html,IPC Novembre 2018 (version Ar),https://www.hcp.ma/attachment/2233323/
2018,de Décembre,https://www.hcp.ma/Baisse-de-07-de-l-indice-des-prix-a-la-consommation-du-mois-de-decembre-2018-par-rapport-au-mois-precedent-Une_a2279.html,IPC Année 2018 (version Fr),https://www.hcp.ma/attachment/2233312/
2018,de Décembre,https://www.hcp.ma/Baisse-de-07-de-l-indice-des-prix-a-la-consommation-du-mois-de-decembre-2018-par-rapport-au-mois-precedent-Une_a2279.html,IPC Année 2018 (version Ar),https://www.hcp.ma/attachment/2233313/
2019,de Janvier,https://www.hcp.ma/L-indice-des-prix-a-la-consommation-IPC-du-mois-de-Janvier-2019_a2294.html,IPC Janvier 2019 (version Fr),https://www.hcp.ma/attachment/2233304/
2019,de Janvier,https://www.hcp.ma/L-indice-des-prix-a-la-consommation-IPC-du-mois-de-Janvier-2019_a2294.html,IPC Janvier 2019 (version Ar),https://www.hcp.ma/attachment/2233305/
2019,de Février,https://www.hcp.ma/L-indice-des-prix-a-la-consommation-IPC-du-mois-de-Fevrier-2019_a2303.html,IPC_Février 2019_Fr.docx,https://www.hcp.ma/attachment/2233290/
2019,de Février,https://www.hcp.ma/L-indice-des-prix-a-la-consommation-IPC-du-mois-de-Fevrier-2019_a2303.html,IPC_Février 2019_Ar.docx,https://www.hcp.ma/attachment/2233291/
2019,de Mars,https://www.hcp.ma/L-indice-des-prix-a-la-consommation-IPC-du-mois-de-Mars-2019_a2318.html,IPC Mars 2019 (version Fr),https://www.hcp.ma/attachment/2233280/
2019,de Mars,https://www.hcp.ma/L-indice-des-prix-a-la-consommation-IPC-du-mois-de-Mars-2019_a2318.html,IPC Mars 2019 (version Ar),https://www.hcp.ma/attachment/2233281/
2019,d'Avril,https://www.hcp.ma/L-indice-des-prix-a-la-consommation-IPC-du-mois-d-Avril-2019_a2326.html,IPC_Avril 2019_Fr.docx,https://www.hcp.ma/attachment/2233274/
2019,d'Avril,https://www.hcp.ma/L-indice-des-prix-a-la-consommation-IPC-du-mois-d-Avril-2019_a2326.html,IPC_Avril 2019_Ar.docx,https://www.hcp.ma/attachment/2233275/
2019,de Mai,https://www.hcp.ma/L-indice-des-prix-a-la-consommation-IPC-du-mois-de-Mai-2019_a2342.html,IPC Mai 2019 (version Fr),https://www.hcp.ma/attachment/2233262/
2019,de Mai,https://www.hcp.ma/L-indice-des-prix-a-la-consommation-IPC-du-mois-de-Mai-2019_a2342.html,IPC Mai 2019 (version Ar),https://www.hcp.ma/attachment/2233263/
2019,de Juin,https://www.hcp.ma/L-indice-des-prix-a-la-consommation-IPC-du-mois-de-Juin-2019_a2357.html,IPC_Juin 2019_Fr.docx,https://www.hcp.ma/attachment/2233254/
2019,de Juin,https://www.hcp.ma/L-indice-des-prix-a-la-consommation-IPC-du-mois-de-Juin-2019_a2357.html,IPC_Juin 2019_Ar.docx,https://www.hcp.ma/attachment/2233255/
2019,de Juillet,https://www.hcp.ma/L-indice-des-prix-a-la-consommation-IPC-du-mois-de-Juillet-2019_a2366.html,IPC_Juillet 2019_Fr.docx,https://www.hcp.ma/attachment/2233246/
2019,de Juillet,https://www.hcp.ma/L-indice-des-prix-a-la-consommation-IPC-du-mois-de-Juillet-2019_a2366.html,IPC_Juillet 2019_Ar.docx,https://www.hcp.ma/attachment/2233247/
2019,d'Août,https://www.hcp.ma/L-indice-des-prix-a-la-consommation-IPC-du-mois-d-Aout-2019_a2372.html,IPC Août 2019 (version Fr),https://www.hcp.ma/attachment/2233238/
2019,d'Août,https://www.hcp.ma/L-indice-des-prix-a-la-consommation-IPC-du-mois-d-Aout-2019_a2372.html,IPC Août 2019 (version Ar),https://www.hcp.ma/attachment/2233239/
2019,de Septembre,https://www.hcp.ma/L-indice-des-prix-a-la-consommation-IPC-du-mois-de-Septembre-2019_a2388.html,IPC_Septembre 2019_Fr.docx,https://www.hcp.ma/attachment/2233226/
2019,de Septembre,https://www.hcp.ma/L-indice-des-prix-a-la-consommation-IPC-du-mois-de-Septembre-2019_a2388.html,IPC_Septembre 2019_Ar.docx,https://www.hcp.ma/attachment/2233227/
2019,d'Octobre,https://www.hcp.ma/L-indice-des-prix-a-la-consommation-IPC-du-mois-d-Octobre-2019_a2407.html,IPC Octobre 2019 (version Fr),https://www.hcp.ma/attachment/2233216/
2019,d'Octobre,https://www.hcp.ma/L-indice-des-prix-a-la-consommation-IPC-du-mois-d-Octobre-2019_a2407.html,IPC Octobre 2019 (version Ar),https://www.hcp.ma/attachment/2233217/
2019,de Novembre,https://www.hcp.ma/L-indice-des-prix-a-la-consommation-IPC-du-mois-de-Novembre-2019_a2425.html,IPC Novembre 2019 (version Fr),https://www.hcp.ma/attachment/2233206/
2019,de Novembre,https://www.hcp.ma/L-indice-des-prix-a-la-consommation-IPC-du-mois-de-Novembre-2019_a2425.html,IPC Novembre 2019 (version Ar),https://www.hcp.ma/attachment/2233207/
2019,de Décembre,https://www.hcp.ma/L-indice-des-prix-a-la-consommation-IPC-de-l-annee-2019_a2451.html,IPC Année 2019 (version Fr),https://www.hcp.ma/attachment/2233193/
2019,de Décembre,https://www.hcp.ma/L-indice-des-prix-a-la-consommation-IPC-de-l-annee-2019_a2451.html,IPC Année 2019 (version Ar),https://www.hcp.ma/attachment/2233194/
2020,de Janvier,https://www.hcp.ma/L-indice-des-prix-a-la-consommation-IPC-du-mois-de-Janvier-2020_a2462.html,IPC Janvier 2020 (version Fr),https://www.hcp.ma/attachment/2233185/
2020,de Janvier,https://www.hcp.ma/L-indice-des-prix-a-la-consommation-IPC-du-mois-de-Janvier-2020_a2462.html,IPC Janvier 2020 (version Ar),https://www.hcp.ma/attachment/2233186/
2020,de Février,https://www.hcp.ma/L-indice-des-prix-a-la-consommation-IPC-du-mois-de-Fevrier-2020_a2478.html,IPC_Février 2020_Fr.docx,https://www.hcp.ma/attachment/2233173/
2020,de Février,https://www.hcp.ma/L-indice-des-prix-a-la-consommation-IPC-du-mois-de-Fevrier-2020_a2478.html,IPC_Février 2020_Ar.docx,https://www.hcp.ma/attachment/2233174/
2020,de Mars,https://www.hcp.ma/L-indice-des-prix-a-la-consommation-IPC-du-mois-de-Mars-2020_a2498.html,IPC_Mars 2020_Fr.docx,https://www.hcp.ma/attachment/2233158/
2020,de Mars,https://www.hcp.ma/L-indice-des-prix-a-la-consommation-IPC-du-mois-de-Mars-2020_a2498.html,IPC_Mars 2020_Ar.docx,https://www.hcp.ma/attachment/2233159/
2020,d'Avril,https://www.hcp.ma/L-indice-des-prix-a-la-consommation-IPC-du-mois-d-Avril-2020-Base-100-2017_a2509.html,IPC_Avril 2020_Fr.docx,https://www.hcp.ma/attachment/2233147/
2020,d'Avril,https://www.hcp.ma/L-indice-des-prix-a-la-consommation-IPC-du-mois-d-Avril-2020-Base-100-2017_a2509.html,IPC BASE 2017_Ar.docx,https://www.hcp.ma/attachment/2233148/
2020,de Mai,https://www.hcp.ma/L-indice-des-prix-a-la-consommation-IPC-du-mois-de-Mai-2020-Base-100-2017_a2553.html,IPC_Mai 2020_Fr.docx,https://www.hcp.ma/attachment/2233133/
2020,de Mai,https://www.hcp.ma/L-indice-des-prix-a-la-consommation-IPC-du-mois-de-Mai-2020-Base-100-2017_a2553.html,IPC_Mai 2020_Ar.docx,https://www.hcp.ma/attachment/2233134/
2020,de Juin,https://www.hcp.ma/L-indice-des-prix-a-la-consommation-IPC-du-mois-de-Juin-2020-Base-100-2017_a2575.html,IPC_Juin 2020_Fr.docx,https://www.hcp.ma/attachment/2233119/
2020,de Juin,https://www.hcp.ma/L-indice-des-prix-a-la-consommation-IPC-du-mois-de-Juin-2020-Base-100-2017_a2575.html,IPC_Juin 2020_Ar.docx,https://www.hcp.ma/attachment/2233120/
2020,de Juillet,https://www.hcp.ma/L-indice-des-prix-a-la-consommation-IPC-du-mois-de-Juillet-2020-Base-100-2017_a2583.html,IPC_Juillet 2020_Fr.docx,https://www.hcp.ma/attachment/2233112/
2020,de Juillet,https://www.hcp.ma/L-indice-des-prix-a-la-consommation-IPC-du-mois-de-Juillet-2020-Base-100-2017_a2583.html,IPC_Juillet 2020_Ar.docx,https://www.hcp.ma/attachment/2233113/
2020,d'Août,https://www.hcp.ma/L-indice-des-prix-a-la-consommation-IPC-du-mois-d-Aout-2020_a2591.html,IPC_Août 2020_Fr.docx,https://www.hcp.ma/attachment/2233104/
2020,d'Août,https://www.hcp.ma/L-indice-des-prix-a-la-consommation-IPC-du-mois-d-Aout-2020_a2591.html,IPC_Août 2020_Ar.docx,https://www.hcp.ma/attachment/2233105/
2020,de Septembre,https://www.hcp.ma/L-indice-des-prix-a-la-consommation-IPC-du-mois-de-Septembre-2020_a2612.html,IPC Septembre 2020 (version Fr),https://www.hcp.ma/attachment/2233088/
2020,de Septembre,https://www.hcp.ma/L-indice-des-prix-a-la-consommation-IPC-du-mois-de-Septembre-2020_a2612.html,IPC Septembre 2020 (version Ar),https://www.hcp.ma/attachment/2233089/
2020,d'Octobre,https://www.hcp.ma/L-indice-des-prix-a-la-consommation-IPC-du-mois-d-Octobre-2020_a2622.html,IPC_Octobre 2020_Fr.docx,https://www.hcp.ma/attachment/2233078/
2020,d'Octobre,https://www.hcp.ma/L-indice-des-prix-a-la-consommation-IPC-du-mois-d-Octobre-2020_a2622.html,IPC_Octobre 2020_Ar.docx,https://www.hcp.ma/attachment/2233079/
2020,de Novembre,https://www.hcp.ma/L-indice-des-prix-a-la-consommation-IPC-du-mois-de-Novembre-2020_a2633.html,IPC Novembre 2020 (version Fr),https://www.hcp.ma/attachment/2233070/
2020,de Novembre,https://www.hcp.ma/L-indice-des-prix-a-la-consommation-IPC-du-mois-de-Novembre-2020_a2633.html,IPC Novembre 2020 (version Ar),https://www.hcp.ma/attachment/2233071/
2020,de Décembre,https://www.hcp.ma/L-indice-des-prix-a-la-consommation-IPC-de-l-annee-2020_a2647.html,IPC Année 2020 (version Fr),https://www.hcp.ma/attachment/2233056/
2020,de Décembre,https://www.hcp.ma/L-indice-des-prix-a-la-consommation-IPC-de-l-annee-2020_a2647.html,IPC Année 2020 (version Ar),https://www.hcp.ma/attachment/2233057/
2021,de Janvier,https://www.hcp.ma/L-indice-des-prix-a-la-consommation-IPC-du-mois-de-Janvier-2021_a2655.html,IPC Janvier 2021 (version Fr),https://www.hcp.ma/attachment/2233046/
2021,de Janvier,https://www.hcp.ma/L-indice-des-prix-a-la-consommation-IPC-du-mois-de-Janvier-2021_a2655.html,IPC Janvier 2021 (version Ar),https://www.hcp.ma/attachment/2233047/
2021,de Février,https://www.hcp.ma/L-indice-des-prix-a-la-consommation-IPC-du-mois-de-Fevrier-2021_a2673.html,IPC Février 2021 (version Fr),https://www.hcp.ma/attachment/2233038/
2021,de Février,https://www.hcp.ma/L-indice-des-prix-a-la-consommation-IPC-du-mois-de-Fevrier-2021_a2673.html,IPC Février 2021 (version Ar),https://www.hcp.ma/attachment/2233039/
2021,de Mars,https://www.hcp.ma/L-indice-des-prix-a-la-consommation-IPC-du-mois-de-Mars-2021_a2695.html,IPC_Mars 2021_Fr.docx,https://www.hcp.ma/attachment/2233016/
2021,de Mars,https://www.hcp.ma/L-indice-des-prix-a-la-consommation-IPC-du-mois-de-Mars-2021_a2695.html,IPC_Mars 2021_Ar.docx,https://www.hcp.ma/attachment/2233017/
2021,d'Avril,https://www.hcp.ma/L-indice-des-prix-a-la-consommation-IPC-du-mois-d-Avril-2021_a2706.html,IPC_Avril 2021_Fr.docx,https://www.hcp.ma/attachment/2233006/
2021,d'Avril,https://www.hcp.ma/L-indice-des-prix-a-la-consommation-IPC-du-mois-d-Avril-2021_a2706.html,IPC_Avril 2021_Ar.docx,https://www.hcp.ma/attachment/2233007/
2021,de Mai,https://www.hcp.ma/L-indice-des-prix-a-la-consommation-IPC-du-mois-de-Mai-2021_a2716.html,IPC_Mai 2021_Fr.docx,https://www.hcp.ma/attachment/2232996/
2021,de Mai,https://www.hcp.ma/L-indice-des-prix-a-la-consommation-IPC-du-mois-de-Mai-2021_a2716.html,IPC_Mai 2021_Ar.docx,https://www.hcp.ma/attachment/2232997/
2021,de Juin,https://www.hcp.ma/L-indice-des-prix-a-la-consommation-IPC-du-mois-de-Juin-2021_a2734.html,IPC_Juin 2021_Fr.docx,https://www.hcp.ma/attachment/2232980/
2021,de Juin,https://www.hcp.ma/L-indice-des-prix-a-la-consommation-IPC-du-mois-de-Juin-2021_a2734.html,IPC_Juin 2021_Ar.docx,https://www.hcp.ma/attachment/2232981/
2021,de Juillet,https://www.hcp.ma/L-indice-des-prix-a-la-consommation-IPC-du-mois-de-Juillet-2021_a2740.html,IPC_Juillet 2021_Fr.docx,https://www.hcp.ma/attachment/2232972/
2021,de Juillet,https://www.hcp.ma/L-indice-des-prix-a-la-consommation-IPC-du-mois-de-Juillet-2021_a2740.html,IPC_Juillet 2021_Ar.docx,https://www.hcp.ma/attachment/2232973/
2021,d'Août,https://www.hcp.ma/L-indice-des-prix-a-la-consommation-IPC-du-mois-d-Aout-2021_a2744.html,IPC_Août 2021_Fr.docx,https://www.hcp.ma/attachment/2232964/
2021,d'Août,https://www.hcp.ma/L-indice-des-prix-a-la-consommation-IPC-du-mois-d-Aout-2021_a2744.html,IPC_Août 2021_Ar.docx,https://www.hcp.ma/attachment/2232965/
2021,de Septembre,https://www.hcp.ma/L-indice-des-prix-a-la-consommation-IPC-du-mois-de-Septembre-2021_a2765.html,IPC_Septembre 2021_Fr.docx,https://www.hcp.ma/attachment/2232948/
2021,de Septembre,https://www.hcp.ma/L-indice-des-prix-a-la-consommation-IPC-du-mois-de-Septembre-2021_a2765.html,IPC_Septembre 2021_Ar.docx,https://www.hcp.ma/attachment/2232949/
2021,d'Octobre,https://www.hcp.ma/L-indice-des-prix-a-la-consommation-IPC-du-mois-d-Octobre-2021_a2775.html,IPC_Octobre 2021_Fr.docx,https://www.hcp.ma/attachment/2232941/
2021,d'Octobre,https://www.hcp.ma/L-indice-des-prix-a-la-consommation-IPC-du-mois-d-Octobre-2021_a2775.html,IPC_Octobre 2021_Ar.docx,https://www.hcp.ma/attachment/2232942/
2021,de Novembre,https://www.hcp.ma/L-indice-des-prix-a-la-consommation-IPC-du-mois-de-Novembre-2021_a2784.html,ipc_novembre_2021_fr.docx,https://www.hcp.ma/attachment/2276622/
2021,de Novembre,https://www.hcp.ma/L-indice-des-prix-a-la-consommation-IPC-du-mois-de-Novembre-2021_a2784.html,ipc_novembre_2021_ar.docx,https://www.hcp.ma/attachment/2276623/
2021,de Décembre,https://www.hcp.ma/L-indice-des-prix-a-la-consommation-IPC-de-l-annee-2021_a2806.html,ipc_annee_2021_fr.docx,https://www.hcp.ma/attachment/2276620/
2021,de Décembre,https://www.hcp.ma/L-indice-des-prix-a-la-consommation-IPC-de-l-annee-2021_a2806.html,ipc_annee_2021_ar.docx,https://www.hcp.ma/attachment/2276621/
2022,de Janvier,https://www.hcp.ma/L-indice-des-prix-a-la-consommation-IPC-du-mois-de-Janvier-2022_a3308.html,ipc_janvier_2022_fr (1).docx,https://www.hcp.ma/attachment/2314835/
2022,de Janvier,https://www.hcp.ma/L-indice-des-prix-a-la-consommation-IPC-du-mois-de-Janvier-2022_a3308.html,ipc_janvier_2022_ar (1).docx,https://www.hcp.ma/attachment/2314834/
2022,de Février,https://www.hcp.ma/L-indice-des-prix-a-la-consommation-IPC-du-mois-de-Fevrier-2022_a3300.html,ipc_fevrier_2022_fr.docx,https://www.hcp.ma/attachment/2314777/
2022,de Février,https://www.hcp.ma/L-indice-des-prix-a-la-consommation-IPC-du-mois-de-Fevrier-2022_a3300.html,ipc_fevrier_2022_ar.docx,https://www.hcp.ma/attachment/2314779/
2022,de Mars,https://www.hcp.ma/L-indice-des-prix-a-la-consommation-IPC-du-mois-de-Mars-2022_a3107.html,ipc_mars_2022_fr.docx,https://www.hcp.ma/attachment/2305593/
2022,de Mars,https://www.hcp.ma/L-indice-des-prix-a-la-consommation-IPC-du-mois-de-Mars-2022_a3107.html,ipc_mars_2022_ar.docx,https://www.hcp.ma/attachment/2305595/
2022,d'Avril,https://www.hcp.ma/L-Indice-des-prix-a-la-consommation-IPC-du-mois-d-Avril-2022_a3201.html,L'Indice des prix à la consommation (IPC) du mois d'Avril 2022,https://www.hcp.ma/attachment/2312870/
2022,d'Avril,https://www.hcp.ma/L-Indice-des-prix-a-la-consommation-IPC-du-mois-d-Avril-2022_a3201.html,L'Indice des prix à la consommation (IPC) du mois d'Avril 2022 (Version Ar),https://www.hcp.ma/attachment/2312871/
2022,de Mai,https://www.hcp.ma/L-Indice-des-prix-a-la-consommation-IPC-du-mois-de-Mai-2022_a3525.html,L'Indice des prix à la consommation (IPC) du mois de Mai 2022,https://www.hcp.ma/attachment/2329904/
2022,de Mai,https://www.hcp.ma/L-Indice-des-prix-a-la-consommation-IPC-du-mois-de-Mai-2022_a3525.html,L'Indice des prix à la consommation (IPC) du mois de Mai 2022 (version Ar),https://www.hcp.ma/attachment/2329908/
2022,de Juin,https://www.hcp.ma/L-Indice-des-prix-a-la-consommation-IPC-du-mois-de-Juin-2022_a3549.html,IPC_Juin 2022_Fr,https://www.hcp.ma/attachment/2341373/
2022,de Juin,https://www.hcp.ma/L-Indice-des-prix-a-la-consommation-IPC-du-mois-de-Juin-2022_a3549.html,IPC_Juin 2022_Ar,https://www.hcp.ma/attachment/2341374/
2022,de Juillet,https://www.hcp.ma/L-Indice-des-prix-a-la-consommation-IPC-du-mois-de-Juillet-2022_a3564.html,IPC_Juillet 2022_Fr.docx,https://www.hcp.ma/attachment/2349946/
2022,de Juillet,https://www.hcp.ma/L-Indice-des-prix-a-la-consommation-IPC-du-mois-de-Juillet-2022_a3564.html,IPC_Juillet 2022_Ar.docx,https://www.hcp.ma/attachment/2349947/
2022,d'Août,https://www.hcp.ma/L-Indice-des-prix-a-la-consommation-IPC-du-mois-d-Aout-2022_a3575.html,IPC_Août 2022_Fr.docx,https://www.hcp.ma/attachment/2359905/
2022,d'Août,https://www.hcp.ma/L-Indice-des-prix-a-la-consommation-IPC-du-mois-d-Aout-2022_a3575.html,IPC_Août 2022_Ar.docx,https://www.hcp.ma/attachment/2359907/
2022,de Septembre,https://www.hcp.ma/L-Indice-des-prix-a-la-consommation-IPC-du-mois-de-Septembre-2022_a3593.html,IPC_Septembre 2022_Fr.docx,https://www.hcp.ma/attachment/2371001/
2022,de Septembre,https://www.hcp.ma/L-Indice-des-prix-a-la-consommation-IPC-du-mois-de-Septembre-2022_a3593.html,IPC_Septembre 2022_Ar.docx,https://www.hcp.ma/attachment/2371004/
2022,d'Octobre,https://www.hcp.ma/L-Indice-des-prix-a-la-consommation-IPC-du-mois-d-Octobre-2022_a3629.html,IPC_Octobre 2022_Fr.docx,https://www.hcp.ma/attachment/2385408/
2022,d'Octobre,https://www.hcp.ma/L-Indice-des-prix-a-la-consommation-IPC-du-mois-d-Octobre-2022_a3629.html,IPC_Octobre 2022_Ar.docx,https://www.hcp.ma/attachment/2385409/
2022,de Novembre,https://www.hcp.ma/L-Indice-des-prix-a-la-consommation-IPC-du-mois-de-Novembre-2022_a3638.html,IPC_Novembre 2022_Fr.pdf,https://www.hcp.ma/attachment/2397900/
2022,de Novembre,https://www.hcp.ma/L-Indice-des-prix-a-la-consommation-IPC-du-mois-de-Novembre-2022_a3638.html,IPC_Novembre 2022_Ar.pdf,https://www.hcp.ma/attachment/2397902/
2022,de Décembre,https://www.hcp.ma/L-Indice-des-prix-a-la-consommation-IPC-de-l-annee-2022_a3656.html,IPC_Année  2022_Fr.docx,https://www.hcp.ma/attachment/2407828/
2022,de Décembre,https://www.hcp.ma/L-Indice-des-prix-a-la-consommation-IPC-de-l-annee-2022_a3656.html,IPC_Année  2022_Ar.docx,https://www.hcp.ma/attachment/2407829/
2023,de Janvier,https://www.hcp.ma/L-Indice-des-prix-a-la-consommation-IPC-du-mois-de-Janvier-2023_a3671.html,IPC_Janvier 2023_Fr.docx,https://www.hcp.ma/attachment/2423061/
2023,de Janvier,https://www.hcp.ma/L-Indice-des-prix-a-la-consommation-IPC-du-mois-de-Janvier-2023_a3671.html,IPC_Janvier 2023_Ar.docx,https://www.hcp.ma/attachment/2423062/
2023,de Février,https://www.hcp.ma/L-Indice-des-prix-a-la-consommation-IPC-du-mois-de-Fevrier-2023_a3685.html,IPC_Février 2023_Fr.docx,https://www.hcp.ma/attachment/2435489/
2023,de Février,https://www.hcp.ma/L-Indice-des-prix-a-la-consommation-IPC-du-mois-de-Fevrier-2023_a3685.html,IPC_Février 2023_Ar.docx,https://www.hcp.ma/attachment/2435490/
2023,de Mars,https://www.hcp.ma/L-Indice-des-prix-a-la-consommation-IPC-du-mois-de-Mars-2023_a3703.html,IPC_Mars 2023_Fr.docx,https://www.hcp.ma/attachment/2447546/
2023,de Mars,https://www.hcp.ma/L-Indice-des-prix-a-la-consommation-IPC-du-mois-de-Mars-2023_a3703.html,IPC_Mars 2023_Ar.docx,https://www.hcp.ma/attachment/2447547/
2023,d'Avril,https://www.hcp.ma/L-Indice-des-prix-a-la-consommation-IPC-du-mois-d-Avril-2023_a3710.html,IPC_Avril 2023_Fr.docx,https://www.hcp.ma/attachment/2460646/
2023,d'Avril,https://www.hcp.ma/L-Indice-des-prix-a-la-consommation-IPC-du-mois-d-Avril-2023_a3710.html,IPC_Avril 2023_Ar.docx,https://www.hcp.ma/attachment/2460648/
2023,de Mai,https://www.hcp.ma/L-Indice-des-prix-a-la-consommation-IPC-du-mois-de-Mai-2023_a3726.html,IPC_Mai 2023_Fr.docx,https://www.hcp.ma/attachment/2472409/
2023,de Mai,https://www.hcp.ma/L-Indice-des-prix-a-la-consommation-IPC-du-mois-de-Mai-2023_a3726.html,IPC_Mai 2023_Ar.docx,https://www.hcp.ma/attachment/2472410/
2023,de Juin,https://www.hcp.ma/L-Indice-des-prix-a-la-consommation-IPC-du-mois-de-Juin-2023_a3738.html,IPC_juin 2023_Fr.docx,https://www.hcp.ma/attachment/2482330/
2023,de Juin,https://www.hcp.ma/L-Indice-des-prix-a-la-consommation-IPC-du-mois-de-Juin-2023_a3738.html,IPC_juin 2023_Ar.docx,https://www.hcp.ma/attachment/2482331/
2023,de Juillet,https://www.hcp.ma/L-Indice-des-prix-a-la-consommation-IPC-du-mois-de-Juillet-2023_a3744.html,IPC_Juillet 2023_Fr.docx,https://www.hcp.ma/attachment/2491428/
2023,de Juillet,https://www.hcp.ma/L-Indice-des-prix-a-la-consommation-IPC-du-mois-de-Juillet-2023_a3744.html,IPC_Juillet 2023_Ar.docx,https://www.hcp.ma/attachment/2491429/
2023,d'Août,https://www.hcp.ma/L-Indice-des-prix-a-la-consommation-IPC-du-mois-d-Aout-2023_a3750.html,IPC_Août 2023_Fr.docx,https://www.hcp.ma/attachment/2502387/
2023,d'Août,https://www.hcp.ma/L-Indice-des-prix-a-la-consommation-IPC-du-mois-d-Aout-2023_a3750.html,IPC_Août 2023_Ar.docx,https://www.hcp.ma/attachment/2502388/
2023,de Septembre,https://www.hcp.ma/L-Indice-des-prix-a-la-consommation-IPC-du-mois-de-Septembre-2023_a3767.html,IPC_Septembre 2023_Fr.docx,https://www.hcp.ma/attachment/2513796/
2023,de Septembre,https://www.hcp.ma/L-Indice-des-prix-a-la-consommation-IPC-du-mois-de-Septembre-2023_a3767.html,IPC_Septembre 2023_Ar.docx,https://www.hcp.ma/attachment/2513797/
2023,d'Octobre,https://www.hcp.ma/L-Indice-des-prix-a-la-consommation-IPC-du-mois-d-Octobre-2023_a3785.html,IPC_octobre 2023_FR.docx,https://www.hcp.ma/attachment/2525759/
2023,d'Octobre,https://www.hcp.ma/L-Indice-des-prix-a-la-consommation-IPC-du-mois-d-Octobre-2023_a3785.html,IPC_octobre 2023_Ar.docx,https://www.hcp.ma/attachment/2525760/
2023,de Novembre,https://www.hcp.ma/L-Indice-des-prix-a-la-consommation-IPC-du-mois-de-Novembre-2023_a3794.html,IPC_Novembre 2023_Fr.docx,https://www.hcp.ma/attachment/2536111/
2023,de Novembre,https://www.hcp.ma/L-Indice-des-prix-a-la-consommation-IPC-du-mois-de-Novembre-2023_a3794.html,IPC_Novembre 2023_Ar.docx,https://www.hcp.ma/attachment/2536112/
2023,de Décembre,https://www.hcp.ma/L-Indice-des-prix-a-la-consommation-IPC-de-l-annee-2023_a3811.html,IPC_Année  2023_Fr.docx,https://www.hcp.ma/attachment/2546334/
2023,de Décembre,https://www.hcp.ma/L-Indice-des-prix-a-la-consommation-IPC-de-l-annee-2023_a3811.html,IPC_Année  2023_Ar.docx,https://www.hcp.ma/attachment/2546335/
2024,de Janvier,https://www.hcp.ma/L-Indice-des-prix-a-la-consommation-IPC-du-mois-de-Janvier-2024_a3824.html,IPC_Janvier 2024_Fr.docx,https://www.hcp.ma/attachment/2559914/
2024,de Janvier,https://www.hcp.ma/L-Indice-des-prix-a-la-consommation-IPC-du-mois-de-Janvier-2024_a3824.html,IPC_Janvier 2024_Ar.docx,https://www.hcp.ma/attachment/2559915/
2024,de Février,https://www.hcp.ma/L-Indice-des-prix-a-la-consommation-IPC-du-mois-de-Fevrier-2024_a3848.html,IPC_Février 2024_Fr.docx,https://www.hcp.ma/attachment/2571522/
2024,de Février,https://www.hcp.ma/L-Indice-des-prix-a-la-consommation-IPC-du-mois-de-Fevrier-2024_a3848.html,IPC_Février 2024_Ar.docx,https://www.hcp.ma/attachment/2571523/
2024,de Mars,https://www.hcp.ma/L-Indice-des-prix-a-la-consommation-IPC-du-mois-de-Mars-2024_a3869.html,IPC_Mars 2024_Fr.docx,https://www.hcp.ma/attachment/2584855/
2024,de Mars,https://www.hcp.ma/L-Indice-des-prix-a-la-consommation-IPC-du-mois-de-Mars-2024_a3869.html,IPC_Mars 2024 _Ar.docx,https://www.hcp.ma/attachment/2584856/
2024,d'Avril,https://www.hcp.ma/L-Indice-des-prix-a-la-consommation-IPC-du-mois-d-Avril-2024_a3885.html,IPC_Avril 2024_Fr.docx,https://www.hcp.ma/attachment/2596202/
2024,d'Avril,https://www.hcp.ma/L-Indice-des-prix-a-la-consommation-IPC-du-mois-d-Avril-2024_a3885.html,IPC_Avril 2024_Ar.docx,https://www.hcp.ma/attachment/2596203/
2024,de Mai,https://www.hcp.ma/L-Indice-des-prix-a-la-consommation-IPC-du-mois-de-Mai-2024_a3902.html,IPC_Mai 2024_Fr.docx,https://www.hcp.ma/attachment/2608530/
2024,de Mai,https://www.hcp.ma/L-Indice-des-prix-a-la-consommation-IPC-du-mois-de-Mai-2024_a3902.html,IPC_Mai 2024_Ar.docx,https://www.hcp.ma/attachment/2608531/
2024,de Juin,https://www.hcp.ma/L-Indice-des-prix-a-la-consommation-IPC-du-mois-de-Juin-2024_a3918.html,IPC_Juin 2024_Fr.docx,https://www.hcp.ma/attachment/2619233/
2024,de Juin,https://www.hcp.ma/L-Indice-des-prix-a-la-consommation-IPC-du-mois-de-Juin-2024_a3918.html,IPC_Juin 2024_Ar.docx,https://www.hcp.ma/attachment/2619234/
2024,de Juillet,https://www.hcp.ma/L-Indice-des-prix-a-la-consommation-IPC-du-mois-de-Juillet-2024_a3931.html,IPC_Juillet 2024_Fr.docx,https://www.hcp.ma/attachment/2629719/
2024,de Juillet,https://www.hcp.ma/L-Indice-des-prix-a-la-consommation-IPC-du-mois-de-Juillet-2024_a3931.html,IPC_Juillet 2024_Ar.docx,https://www.hcp.ma/attachment/2629720/
2024,d'Août,https://www.hcp.ma/L-Indice-des-prix-a-la-consommation-IPC-du-mois-d-Aout-2024_a3946.html,IPC_Août 2024_Fr.docx,https://www.hcp.ma/attachment/2642560/
2024,d'Août,https://www.hcp.ma/L-Indice-des-prix-a-la-consommation-IPC-du-mois-d-Aout-2024_a3946.html,IPC_Août 2024_Ar.docx,https://www.hcp.ma/attachment/2642561/
2024,de Septembre,https://www.hcp.ma/L-Indice-des-prix-a-la-consommation-IPC-du-mois-de-Septembre-2024_a3963.html,IPC_Septembre 2024_Fr.docx,https://www.hcp.ma/attachment/2656065/
2024,de Septembre,https://www.hcp.ma/L-Indice-des-prix-a-la-consommation-IPC-du-mois-de-Septembre-2024_a3963.html,IPC_Septembre 2024_Ar.docx,https://www.hcp.ma/attachment/2656066/
2024,d'Octobre,https://www.hcp.ma/L-Indice-des-prix-a-la-consommation-IPC-du-mois-d-Octobre-2024_a3983.html,IPC_Octobre 2024_Fr.docx,https://www.hcp.ma/attachment/2668866/
2024,d'Octobre,https://www.hcp.ma/L-Indice-des-prix-a-la-consommation-IPC-du-mois-d-Octobre-2024_a3983.html,IPC_Octobre 2024_Ar.docx,https://www.hcp.ma/attachment/2668867/
2024,de Novembre,https://www.hcp.ma/L-Indice-des-prix-a-la-consommation-IPC-du-mois-de-Novembre-2024_a4031.html,IPC_Novembre 2024_Fr.docx,https://www.hcp.ma/attachment/2680392/
2024,de Novembre,https://www.hcp.ma/L-Indice-des-prix-a-la-consommation-IPC-du-mois-de-Novembre-2024_a4031.html,IPC_Novemvre 2024_Ar.docx,https://www.hcp.ma/attachment/2680393/
2024,de Décembre,https://www.hcp.ma/L-Indice-des-prix-a-la-consommation-IPC-de-l-annee-2024_a4056.html,IPC_Année  2024_Fr.docx,https://www.hcp.ma/attachment/2690345/
2024,de Décembre,https://www.hcp.ma/L-Indice-des-prix-a-la-consommation-IPC-de-l-annee-2024_a4056.html,IPC_Année  2024_Ar.doc,https://www.hcp.ma/attachment/2690346/
2025,de Janvier,https://www.hcp.ma/L-Indice-des-prix-a-la-consommation-IPC-du-mois-de-Janvier-2025_a4068.html,IPC_janvier 2025 _Fr.docx,https://www.hcp.ma/attachment/2703761/
2025,de Janvier,https://www.hcp.ma/L-Indice-des-prix-a-la-consommation-IPC-du-mois-de-Janvier-2025_a4068.html,IPC_janvier 2025 _Ar.docx,https://www.hcp.ma/attachment/2703762/
2025,de Février,https://www.hcp.ma/L-Indice-des-prix-a-la-consommation-IPC-du-mois-de-Fevrier-2025_a4077.html,IPC_Février 2025_Fr.docx,https://www.hcp.ma/attachment/2719450/
2025,de Février,https://www.hcp.ma/L-Indice-des-prix-a-la-consommation-IPC-du-mois-de-Fevrier-2025_a4077.html,IPC_Février 2025_Ar.docx,https://www.hcp.ma/attachment/2719451/
2025,de Mars,https://www.hcp.ma/L-Indice-des-prix-a-la-consommation-IPC-du-mois-de-Mars-2025_a4090.html,IPC_Mars 2025_Fr.docx,https://www.hcp.ma/attachment/2733696/
2025,de Mars,https://www.hcp.ma/L-Indice-des-prix-a-la-consommation-IPC-du-mois-de-Mars-2025_a4090.html,IPC_Mars 2025_Ar.docx,https://www.hcp.ma/attachment/2733697/
2025,d'Avril,https://www.hcp.ma/L-Indice-des-prix-a-la-consommation-IPC-du-mois-d-Avril-2025_a4102.html,IPC_Avril 2025_Fr.docx,https://www.hcp.ma/attachment/2746461/
2025,d'Avril,https://www.hcp.ma/L-Indice-des-prix-a-la-consommation-IPC-du-mois-d-Avril-2025_a4102.html,IPC_Avril 2025_Ar.docx,https://www.hcp.ma/attachment/2746462/
2025,de Mai,https://www.hcp.ma/L-Indice-des-prix-a-la-consommation-IPC-du-mois-de-Mai-2025_a4132.html,IPC_Mai 2025_Fr.docx,https://www.hcp.ma/attachment/2757812/
2025,de Mai,https://www.hcp.ma/L-Indice-des-prix-a-la-consommation-IPC-du-mois-de-Mai-2025_a4132.html,IPC_Mai 2025_Ar.docx,https://www.hcp.ma/attachment/2757813/
2025,de Juin,https://www.hcp.ma/L-Indice-des-prix-a-la-consommation-IPC-du-mois-de-Juin-2025_a4160.html,IPC_juin 2025_Fr.docx,https://www.hcp.ma/attachment/2771698/
2025,de Juin,https://www.hcp.ma/L-Indice-des-prix-a-la-consommation-IPC-du-mois-de-Juin-2025_a4160.html,IPC_juin 2025_Ar .docx,https://www.hcp.ma/attachment/2771699/
2025,de Juillet,https://www.hcp.ma/L-Indice-des-prix-a-la-consommation-IPC-du-mois-de-Juillet-2025_a4165.html,IPC_Juillet 2025_Fr.docx,https://www.hcp.ma/attachment/2779845/
2025,de Juillet,https://www.hcp.ma/L-Indice-des-prix-a-la-consommation-IPC-du-mois-de-Juillet-2025_a4165.html,IPC_Juillet 2025_Ar.docx,https://www.hcp.ma/attachment/2779846/
2025,d'Août,https://www.hcp.ma/L-Indice-des-prix-a-la-consommation-IPC-du-mois-d-aout-2025_a4173.html,IPC_Août 2025_Fr.docx,https://www.hcp.ma/attachment/2791238/
2025,d'Août,https://www.hcp.ma/L-Indice-des-prix-a-la-consommation-IPC-du-mois-d-aout-2025_a4173.html,IPC_Août 2025_Ar.docx,https://www.hcp.ma/attachment/2791239/
2025,de Septembre,https://www.hcp.ma/L-Indice-des-prix-a-la-consommation-IPC-du-mois-de-Septembre-2025_a4200.html,IPC_Septembre 2025_Fr.docx,https://www.hcp.ma/attachment/2802911/
2025,de Septembre,https://www.hcp.ma/L-Indice-des-prix-a-la-consommation-IPC-du-mois-de-Septembre-2025_a4200.html,IPC_Septembre 2025_Ar.docx,https://www.hcp.ma/attachment/2802912/
2025,d'Octobre,https://www.hcp.ma/L-Indice-des-prix-a-la-consommation-IPC-du-mois-d-Octobre-2025_a4212.html,IPC_Octobre 2025_Fr.docx,https://www.hcp.ma/attachment/2814637/
2025,d'Octobre,https://www.hcp.ma/L-Indice-des-prix-a-la-consommation-IPC-du-mois-d-Octobre-2025_a4212.html,IPC_Octobre 2025_Ar.docx,https://www.hcp.ma/attachment/2814638/
2025,de Novembre,https://www.hcp.ma/L-Indice-des-prix-a-la-consommation-IPC-du-mois-de-Novembre-2025_a4231.html,IPC_Novembre 2025_Fr.docx,https://www.hcp.ma/attachment/2825499/
2025,de Novembre,https://www.hcp.ma/L-Indice-des-prix-a-la-consommation-IPC-du-mois-de-Novembre-2025_a4231.html,IPC_Novembre 2025_Ar.docx,https://www.hcp.ma/attachment/2825500/
