Année,Mois,URL
2010,de Janvier,https://www.hcp.ma/L-Indice-des-prix-a-la-consommation-IPC-du-mois-de-janvier-2010_a59.html
2010,de Février,https://www.hcp.ma/L-Indice-des-prix-a-la-consommation-IPC-du-mois-de-fevrier-2010_a56.html
2010,de Mars,https://www.hcp.ma/L-Indice-des-prix-a-la-consommation-IPC-du-mois-de-mars-2010_a54.html
2010,d'Avril,https://www.hcp.ma/L-Indice-des-prix-a-la-consommation-IPC-du-mois-d-avril-2010_a52.html
2010,de Mai,https://www.hcp.ma/L-Indice-des-prix-a-la-consommation-IPC-du-mois-de-mai-2010_a49.html
2010,de Juin,nan
2010,de Juillet,https://www.hcp.ma/L-Indice-des-prix-a-la-consommation-IPC-du-mois-de-juillet-2010_a45.html
2010,d'Août,https://www.hcp.ma/L-Indice-des-prix-a-la-consommation-IPC-du-mois-d-aout-2010_a42.html
2010,de Septembre,https://www.hcp.ma/L-Indice-des-prix-a-la-consommation-IPC-du-mois-de-septembre-2010_a567.html
2010,d'Octobre,https://www.hcp.ma/L-Indice-des-prix-a-la-consommation-IPC-du-mois-d-octobre-2010_a37.html
2010,de Novembre,https://www.hcp.ma/L-Indice-des-prix-a-la-consommation-IPC-du-mois-de-novembre-2010_a33.html
2010,de Décembre,https://www.hcp.ma/L-Indice-des-prix-a-la-consommation-IPC-de-l-annee-2010_a30.html
2011,de Janvier,https://www.hcp.ma/L-Indice-des-prix-a-la-consommation-IPC-du-mois-de-Janvier-2011_a23.html
2011,de Février,https://www.hcp.ma/L-Indice-des-prix-a-la-consommation-IPC-du-mois-de-fevrier-2011_a180.html
2011,de Mars,https://www.hcp.ma/L-Indice-des-prix-a-la-consommation-IPC-du-mois-de-mars-2011_a601.html
2011,d'Avril,https://www.hcp.ma/L-Indice-des-prix-a-la-consommation-IPC-du-mois-d-avril-2011_a621.html
2011,de Mai,https://www.hcp.ma/L-Indice-des-prix-a-la-consommation-IPC-du-mois-de-mai-2011_a645.html
2011,de Juin,https://www.hcp.ma/L-Indice-des-prix-a-la-consommation-IPC-du-mois-de-juin-2011_a697.html
2011,de Juillet,https://www.hcp.ma/L-Indice-des-prix-a-la-consommation-IPC-du-mois-de-juillet-2011_a834.html
2011,d'Août,https://www.hcp.ma/L-Indice-des-prix-a-la-consommation-IPC-du-mois-d-Aout-2011_a885.html
2011,de Septembre,https://www.hcp.ma/L-Indice-des-prix-a-la-consommation-IPC-du-mois-de-septembre-2011_a929.html
2011,d'Octobre,https://www.hcp.ma/L-Indice-des-prix-a-la-consommation-IPC-du-mois-d-Octobre-2011_a936.html
2011,de Novembre,https://www.hcp.ma/L-Indice-des-prix-a-la-consommation-IPC-du-mois-de-Novembre-2011_a943.html
2011,de Décembre,https://www.hcp.ma/L-Indice-des-prix-a-la-consommation-IPC-de-l-annee-2011_a951.html
2012,de Janvier,https://www.hcp.ma/L-Indice-des-prix-a-la-consommation-IPC-du-mois-de-Janvier-2012_a964.html
2012,de Février,nan
2012,de Mars,https://www.hcp.ma/L-Indice-des-prix-a-la-consommation-IPC-du-mois-de-Mars-2012_a997.html
2012,d'Avril,https://www.hcp.ma/L-Indice-des-prix-a-la-consommation-IPC-du-mois-d-Avril-2012_a1015.html
2012,de Mai,https://www.hcp.ma/L-Indice-des-prix-a-la-consommation-IPC-du-mois-de-Mai-2012_a1030.html
2012,de Juin,https://www.hcp.ma/L-Indice-des-prix-a-la-consommation-IPC-du-mois-de-Juin-2012_a1038.html
2012,de Juillet,https://www.hcp.ma/L-Indice-des-prix-a-la-consommation-IPC-du-mois-de-Juillet-2012_a1056.html
2012,d'Août,nan
2012,de Septembre,https://www.hcp.ma/L-Indice-des-prix-a-la-consommation-IPC-du-mois-de-Septembre-2012_a1081.html
2012,d'Octobre,https://www.hcp.ma/L-Indice-des-prix-a-la-consommation-IPC-du-mois-d-Octobre-2012_a1095.html
2012,de Novembre,https://www.hcp.ma/L-Indice-des-prix-a-la-consommation-IPC-du-mois-de-Novembre-2012_a1113.html
2012,de Décembre,https://www.hcp.ma/L-Indice-des-prix-a-la-consommation-IPC-de-l-annee-2012_a1120.html
2013,de Janvier,https://www.hcp.ma/L-Indice-des-prix-a-la-consommation-IPC-du-mois-de-Janvier-2013_a1134.html
2013,de Février,https://www.hcp.ma/L-Indice-des-prix-a-la-consommation-IPC-du-mois-de-Fevrier-2013_a1146.html
2013,de Mars,https://www.hcp.ma/L-Indice-des-prix-a-la-consommation-IPC-du-mois-de-Mars-2013_a1166.html
2013,d'Avril,https://www.hcp.ma/L-Indice-des-prix-a-la-consommation-IPC-du-mois-d-Avril-2013_a1175.html
2013,de Mai,https://www.hcp.ma/L-Indice-des-prix-a-la-consommation-IPC-du-mois-de-Mai-2013_a1186.html
2013,de Juin,nan
2013,de Juillet,https://www.hcp.ma/L-Indice-des-prix-a-la-consommation-IPC-du-mois-de-Juillet-2013_a1244.html
2013,d'Août,https://www.hcp.ma/L-Indice-des-prix-a-la-consommation-IPC-du-mois-d-Aout-2013_a1252.html
2013,de Septembre,https://www.hcp.ma/L-Indice-des-prix-a-la-consommation-IPC-du-mois-de-Septembre-2013_a1263.html
2013,d'Octobre,https://www.hcp.ma/L-Indice-des-prix-a-la-consommation-IPC-du-mois-d-Octobre-2013_a1281.html
2013,de Novembre,https://www.hcp.ma/L-Indice-des-prix-a-la-consommation-IPC-du-mois-de-Novembre-2013_a1296.html
2013,de Décembre,https://www.hcp.ma/L-indice-des-prix-a-la-consommation-IPC-de-l-annee-2013_a1308.html
2014,de Janvier,https://www.hcp.ma/L-Indice-des-prix-a-la-consommation-IPC-du-mois-de-Janvier-2014_a1348.html
2014,de Février,https://www.hcp.ma/L-Indice-des-prix-a-la-consommation-IPC-du-mois-de-Fevrier-2014_a1370.html
2014,de Mars,https://www.hcp.ma/L-Indice-des-prix-a-la-consommation-IPC-du-mois-de-Mars-2014_a1386.html
2014,d'Avril,https://www.hcp.ma/L-Indice-des-prix-a-la-consommation-IPC-du-mois-d-Avril-2014_a1400.html
2014,de Mai,https://www.hcp.ma/L-Indice-des-prix-a-la-consommation-IPC-du-mois-de-Mai-2014_a1415.html
2014,de Juin,https://www.hcp.ma/L-Indice-des-prix-a-la-consommation-IPC-du-mois-de-Juin-2014_a1434.html
2014,de Juillet,https://www.hcp.ma/L-Indice-des-prix-a-la-consommation-IPC-du-mois-de-Juillet-2014_a1442.html
2014,d'Août,https://www.hcp.ma/L-Indice-des-prix-a-la-consommation-IPC-du-mois-d-Aout-2014_a1446.html
2014,de Septembre,https://www.hcp.ma/L-Indice-des-prix-a-la-consommation-IPC-du-mois-de-Septembre-2014_a1459.html
2014,d'Octobre,https://www.hcp.ma/L-Indice-des-prix-a-la-consommation-IPC-du-mois-d-Octobre-2014_a1473.html
2014,de Novembre,https://www.hcp.ma/L-Indice-des-prix-a-la-consommation-IPC-du-mois-de-Novembre-2014_a1481.html
2014,de Décembre,https://www.hcp.ma/L-Indice-des-prix-a-la-consommation-IPC-de-l-annee-2014_a1496.html
2015,de Janvier,https://www.hcp.ma/L-Indice-des-prix-a-la-consommation-IPC-du-mois-de-Janvier-2015_a1508.html
2015,de Février,https://www.hcp.ma/L-Indice-des-prix-a-la-consommation-IPC-du-mois-de-Fevrier-2015_a1514.html
2015,de Mars,https://www.hcp.ma/L-Indice-des-prix-a-la-consommation-IPC-du-mois-de-Mars-2015_a1531.html
2015,d'Avril,https://www.hcp.ma/L-Indice-des-prix-a-la-consommation-IPC-du-mois-d-Avril-2015_a1543.html
2015,de Mai,https://www.hcp.ma/L-Indice-des-prix-a-la-consommation-IPC-du-mois-de-Mai-2015_a1557.html
2015,de Juin,https://www.hcp.ma/L-Indice-des-prix-a-la-consommation-IPC-du-mois-de-Juin-2015_a1579.html
2015,de Juillet,https://www.hcp.ma/L-Indice-des-prix-a-la-consommation-IPC-du-mois-de-Juillet-2015_a1587.html
2015,d'Août,https://www.hcp.ma/L-Indice-des-prix-a-la-consommation-IPC-du-mois-d-Aout-2015_a1592.html
2015,de Septembre,https://www.hcp.ma/L-Indice-des-prix-a-la-consommation-IPC-du-mois-de-Septembre-2015_a1608.html
2015,d'Octobre,https://www.hcp.ma/L-Indice-des-prix-a-la-consommation-IPC-du-mois-d-Octobre-2015_a1617.html
2015,de Novembre,https://www.hcp.ma/L-Indice-des-prix-a-la-consommation-IPC-du-mois-de-Novembre-2015_a1633.html
2015,de Décembre,https://www.hcp.ma/L-Indice-des-prix-a-la-consommation-IPC-de-l-annee-2015_a1656.html
2016,de Janvier,https://www.hcp.ma/L-Indice-des-prix-a-la-consommation-IPC-du-mois-de-Janvier-2016_a1670.html
2016,de Février,https://www.hcp.ma/L-Indice-des-prix-a-la-consommation-IPC-du-mois-de-Fevrier-2016_a1676.html
2016,de Mars,https://www.hcp.ma/L-Indice-des-prix-a-la-consommation-IPC-du-mois-de-Mars-2016_a1703.html
2016,d'Avril,https://www.hcp.ma/L-Indice-des-prix-a-la-consommation-IPC-du-mois-d-Avril-2016_a1722.html
2016,de Mai,https://www.hcp.ma/L-Indice-des-prix-a-la-consommation-IPC-du-mois-de-Mai-2016_a1759.html
2016,de Juin,https://www.hcp.ma/L-Indice-des-prix-a-la-consommation-IPC-du-mois-de-Juin-2016_a1780.html
2016,de Juillet,https://www.hcp.ma/L-Indice-des-prix-a-la-consommation-IPC-du-mois-de-Juillet-2016_a1787.html
2016,d'Août,https://www.hcp.ma/L-Indice-des-prix-a-la-consommation-IPC-du-mois-d-Aout-2016_a1799.html
2016,de Septembre,https://www.hcp.ma/L-Indice-des-prix-a-la-consommation-IPC-du-mois-de-Septembre-2016_a1816.html
2016,d'Octobre,https://www.hcp.ma/L-Indice-des-prix-a-la-consommation-IPC-du-mois-d-Octobre-2016_a1827.html
2016,de Novembre,https://www.hcp.ma/L-indice-des-prix-a-la-consommation-IPC-du-mois-de-Novembre-2016_a1840.html
2016,de Décembre,https://www.hcp.ma/L-indice-des-prix-a-la-consommation-IPC-du-mois-de-Decembre-2016_a1864.html
2017,de Janvier,https://www.hcp.ma/L-indice-des-prix-a-la-consommation-IPC-du-mois-de-Janvier-2017_a1883.html
2017,de Février,https://www.hcp.ma/L-indice-des-prix-a-la-consommation-IPC-du-mois-de-Fevrier-2017_a1890.html
2017,de Mars,https://www.hcp.ma/L-indice-des-prix-a-la-consommation-IPC-du-mois-de-Mars-2017_a1902.html
2017,d'Avril,https://www.hcp.ma/L-indice-des-prix-a-la-consommation-IPC-du-mois-d-Avril-2017_a1919.html
2017,de Mai,https://www.hcp.ma/L-indice-des-prix-a-la-consommation-IPC-du-mois-de-Mai-2017_a1952.html
2017,de Juin,https://www.hcp.ma/L-indice-des-prix-a-la-consommation-IPC-du-mois-de-juin-2017_a1975.html
2017,de Juillet,https://www.hcp.ma/L-indice-des-prix-a-la-consommation-IPC-du-mois-de-Juillet-2017_a2004.html
2017,d'Août,https://www.hcp.ma/L-indice-des-prix-a-la-consommation-IPC-du-mois-d-Aout-2017_a2012.html
2017,de Septembre,https://www.hcp.ma/L-indice-des-prix-a-la-consommation-IPC-du-mois-de-Septembre-2017_a2031.html
2017,d'Octobre,https://www.hcp.ma/L-indice-des-prix-a-la-consommation-IPC-du-mois-d-Octobre-2017_a2050.html
2017,de Novembre,https://www.hcp.ma/L-indice-des-prix-a-la-consommation-IPC-du-mois-de-Novembre-2017_a2074.html
2017,de Décembre,https://www.hcp.ma/L-indice-des-prix-a-la-consommation-IPC-de-l-annee-2017_a2095.html
2018,de Janvier,https://www.hcp.ma/L-indice-des-prix-a-la-consommation-IPC-du-mois-de-Janvier-2018_a2113.html
2018,de Février,https://www.hcp.ma/L-indice-des-prix-a-la-consommation-IPC-du-mois-de-Fevrier-2018_a2131.html
2018,de Mars,https://www.hcp.ma/L-indice-des-prix-a-la-consommation-IPC-du-mois-de-Mars-2018_a2147.html
2018,d'Avril,https://www.hcp.ma/L-indice-des-prix-a-la-consommation-IPC-du-mois-d-Avril-2018_a2163.html
2018,de Mai,https://www.hcp.ma/L-indice-des-prix-a-la-consommation-IPC-du-mois-de-Mai-2018_a2182.html
2018,de Juin,https://www.hcp.ma/Hausse-de-0-2-de-l-indice-des-prix-a-la-consommation-IPC-du-mois-de-Juin-2018-par-rapport-au-mois-precedent_a2195.html
2018,de Juillet,https://www.hcp.ma/Baisse-de-09-de-l-indice-des-prix-a-la-consommation-IPC-du-mois-de-Juillet-2018-par-rapport-au-mois-precedent_a2202.html
2018,d'Août,https://www.hcp.ma/Baisse-de-01-de-l-indice-des-prix-a-la-consommation-du-mois-d-aout-2018-par-rapport-au-mois-precedent_a2223.html
2018,de Septembre,https://www.hcp.ma/Les-Brefs-du-Plan-N-03-12-Septembre-2018_a2213.html
2018,d'Octobre,https://www.hcp.ma/Baisse-de-01-de-l-indice-des-prix-a-la-consommation-du-mois-d-octobre-2018-par-rapport-au-mois-precedent-Une-inflation_a2252.html
2018,de Novembre,https://www.hcp.ma/Hausse-de-07-de-l-indice-des-prix-a-la-consommation-du-mois-de-novembre-2018-par-rapport-au-mois-precedent-Une_a2264.html
2018,de Décembre,https://www.hcp.ma/Baisse-de-07-de-l-indice-des-prix-a-la-consommation-du-mois-de-decembre-2018-par-rapport-au-mois-precedent-Une_a2279.html
2019,de Janvier,https://www.hcp.ma/L-indice-des-prix-a-la-consommation-IPC-du-mois-de-Janvier-2019_a2294.html
2019,de Février,https://www.hcp.ma/L-indice-des-prix-a-la-consommation-IPC-du-mois-de-Fevrier-2019_a2303.html
2019,de Mars,https://www.hcp.ma/L-indice-des-prix-a-la-consommation-IPC-du-mois-de-Mars-2019_a2318.html
2019,d'Avril,https://www.hcp.ma/L-indice-des-prix-a-la-consommation-IPC-du-mois-d-Avril-2019_a2326.html
2019,de Mai,https://www.hcp.ma/L-indice-des-prix-a-la-consommation-IPC-du-mois-de-Mai-2019_a2342.html
2019,de Juin,https://www.hcp.ma/L-indice-des-prix-a-la-consommation-IPC-du-mois-de-Juin-2019_a2357.html
2019,de Juillet,https://www.hcp.ma/L-indice-des-prix-a-la-consommation-IPC-du-mois-de-Juillet-2019_a2366.html
2019,d'Août,https://www.hcp.ma/L-indice-des-prix-a-la-consommation-IPC-du-mois-d-Aout-2019_a2372.html
2019,de Septembre,https://www.hcp.ma/L-indice-des-prix-a-la-consommation-IPC-du-mois-de-Septembre-2019_a2388.html
2019,d'Octobre,https://www.hcp.ma/L-indice-des-prix-a-la-consommation-IPC-du-mois-d-Octobre-2019_a2407.html
2019,de Novembre,https://www.hcp.ma/L-indice-des-prix-a-la-consommation-IPC-du-mois-de-Novembre-2019_a2425.html
2019,de Décembre,https://www.hcp.ma/L-indice-des-prix-a-la-consommation-IPC-de-l-annee-2019_a2451.html
2020,de Janvier,https://www.hcp.ma/L-indice-des-prix-a-la-consommation-IPC-du-mois-de-Janvier-2020_a2462.html
2020,de Février,https://www.hcp.ma/L-indice-des-prix-a-la-consommation-IPC-du-mois-de-Fevrier-2020_a2478.html
2020,de Mars,https://www.hcp.ma/L-indice-des-prix-a-la-consommation-IPC-du-mois-de-Mars-2020_a2498.html
2020,d'Avril,https://www.hcp.ma/L-indice-des-prix-a-la-consommation-IPC-du-mois-d-Avril-2020-Base-100-2017_a2509.html
2020,de Mai,https://www.hcp.ma/L-indice-des-prix-a-la-consommation-IPC-du-mois-de-Mai-2020-Base-100-2017_a2553.html
2020,de Juin,https://www.hcp.ma/L-indice-des-prix-a-la-consommation-IPC-du-mois-de-Juin-2020-Base-100-2017_a2575.html
2020,de Juillet,https://www.hcp.ma/L-indice-des-prix-a-la-consommation-IPC-du-mois-de-Juillet-2020-Base-100-2017_a2583.html
2020,d'Août,https://www.hcp.ma/L-indice-des-prix-a-la-consommation-IPC-du-mois-d-Aout-2020_a2591.html
2020,de Septembre,https://www.hcp.ma/L-indice-des-prix-a-la-consommation-IPC-du-mois-de-Septembre-2020_a2612.html
2020,d'Octobre,https://www.hcp.ma/L-indice-des-prix-a-la-consommation-IPC-du-mois-d-Octobre-2020_a2622.html
2020,de Novembre,https://www.hcp.ma/L-indice-des-prix-a-la-consommation-IPC-du-mois-de-Novembre-2020_a2633.html
2020,de Décembre,https://www.hcp.ma/L-indice-des-prix-a-la-consommation-IPC-de-l-annee-2020_a2647.html
2021,de Janvier,https://www.hcp.ma/L-indice-des-prix-a-la-consommation-IPC-du-mois-de-Janvier-2021_a2655.html
2021,de Février,https://www.hcp.ma/L-indice-des-prix-a-la-consommation-IPC-du-mois-de-Fevrier-2021_a2673.html
2021,de Mars,https://www.hcp.ma/L-indice-des-prix-a-la-consommation-IPC-du-mois-de-Mars-2021_a2695.html
2021,d'Avril,https://www.hcp.ma/L-indice-des-prix-a-la-consommation-IPC-du-mois-d-Avril-2021_a2706.html
2021,de Mai,https://www.hcp.ma/L-indice-des-prix-a-la-consommation-IPC-du-mois-de-Mai-2021_a2716.html
2021,de Juin,https://www.hcp.ma/L-indice-des-prix-a-la-consommation-IPC-du-mois-de-Juin-2021_a2734.html
2021,de Juillet,https://www.hcp.ma/L-indice-des-prix-a-la-consommation-IPC-du-mois-de-Juillet-2021_a2740.html
2021,d'Août,https://www.hcp.ma/L-indice-des-prix-a-la-consommation-IPC-du-mois-d-Aout-2021_a2744.html
2021,de Septembre,https://www.hcp.ma/L-indice-des-prix-a-la-consommation-IPC-du-mois-de-Septembre-2021_a2765.html
2021,d'Octobre,https://www.hcp.ma/L-indice-des-prix-a-la-consommation-IPC-du-mois-d-Octobre-2021_a2775.html
2021,de Novembre,https://www.hcp.ma/L-indice-des-prix-a-la-consommation-IPC-du-mois-de-Novembre-2021_a2784.html
2021,de Décembre,https://www.hcp.ma/L-indice-des-prix-a-la-consommation-IPC-de-l-annee-2021_a2806.html
2022,de Janvier,https://www.hcp.ma/L-indice-des-prix-a-la-consommation-IPC-du-mois-de-Janvier-2022_a3308.html
2022,de Février,https://www.hcp.ma/L-indice-des-prix-a-la-consommation-IPC-du-mois-de-Fevrier-2022_a3300.html
2022,de Mars,https://www.hcp.ma/L-indice-des-prix-a-la-consommation-IPC-du-mois-de-Mars-2022_a3107.html
2022,d'Avril,https://www.hcp.ma/L-Indice-des-prix-a-la-consommation-IPC-du-mois-d-Avril-2022_a3201.html
2022,de Mai,https://www.hcp.ma/L-Indice-des-prix-a-la-consommation-IPC-du-mois-de-Mai-2022_a3525.html
2022,de Juin,https://www.hcp.ma/L-Indice-des-prix-a-la-consommation-IPC-du-mois-de-Juin-2022_a3549.html
2022,de Juillet,https://www.hcp.ma/L-Indice-des-prix-a-la-consommation-IPC-du-mois-de-Juillet-2022_a3564.html
2022,d'Août,https://www.hcp.ma/L-Indice-des-prix-a-la-consommation-IPC-du-mois-d-Aout-2022_a3575.html
2022,de Septembre,https://www.hcp.ma/L-Indice-des-prix-a-la-consommation-IPC-du-mois-de-Septembre-2022_a3593.html
2022,d'Octobre,https://www.hcp.ma/L-Indice-des-prix-a-la-consommation-IPC-du-mois-d-Octobre-2022_a3629.html
2022,de Novembre,https://www.hcp.ma/L-Indice-des-prix-a-la-consommation-IPC-du-mois-de-Novembre-2022_a3638.html
2022,de Décembre,https://www.hcp.ma/L-Indice-des-prix-a-la-consommation-IPC-de-l-annee-2022_a3656.html
2023,de Janvier,https://www.hcp.ma/L-Indice-des-prix-a-la-consommation-IPC-du-mois-de-Janvier-2023_a3671.html
2023,de Février,https://www.hcp.ma/L-Indice-des-prix-a-la-consommation-IPC-du-mois-de-Fevrier-2023_a3685.html
2023,de Mars,https://www.hcp.ma/L-Indice-des-prix-a-la-consommation-IPC-du-mois-de-Mars-2023_a3703.html
2023,d'Avril,https://www.hcp.ma/L-Indice-des-prix-a-la-consommation-IPC-du-mois-d-Avril-2023_a3710.html
2023,de Mai,https://www.hcp.ma/L-Indice-des-prix-a-la-consommation-IPC-du-mois-de-Mai-2023_a3726.html
2023,de Juin,https://www.hcp.ma/L-Indice-des-prix-a-la-consommation-IPC-du-mois-de-Juin-2023_a3738.html
2023,de Juillet,https://www.hcp.ma/L-Indice-des-prix-a-la-consommation-IPC-du-mois-de-Juillet-2023_a3744.html
2023,d'Août,https://www.hcp.ma/L-Indice-des-prix-a-la-consommation-IPC-du-mois-d-Aout-2023_a3750.html
2023,de Septembre,https://www.hcp.ma/L-Indice-des-prix-a-la-consommation-IPC-du-mois-de-Septembre-2023_a3767.html
2023,d'Octobre,https://www.hcp.ma/L-Indice-des-prix-a-la-consommation-IPC-du-mois-d-Octobre-2023_a3785.html
2023,de Novembre,https://www.hcp.ma/L-Indice-des-prix-a-la-consommation-IPC-du-mois-de-Novembre-2023_a3794.html
2023,de Décembre,https://www.hcp.ma/L-Indice-des-prix-a-la-consommation-IPC-de-l-annee-2023_a3811.html
2024,de Janvier,https://www.hcp.ma/L-Indice-des-prix-a-la-consommation-IPC-du-mois-de-Janvier-2024_a3824.html
2024,de Février,https://www.hcp.ma/L-Indice-des-prix-a-la-consommation-IPC-du-mois-de-Fevrier-2024_a3848.html
2024,de Mars,https://www.hcp.ma/L-Indice-des-prix-a-la-consommation-IPC-du-mois-de-Mars-2024_a3869.html
2024,d'Avril,https://www.hcp.ma/L-Indice-des-prix-a-la-consommation-IPC-du-mois-d-Avril-2024_a3885.html
2024,de Mai,https://www.hcp.ma/L-Indice-des-prix-a-la-consommation-IPC-du-mois-de-Mai-2024_a3902.html
2024,de Juin,https://www.hcp.ma/L-Indice-des-prix-a-la-consommation-IPC-du-mois-de-Juin-2024_a3918.html
2024,de Juillet,https://www.hcp.ma/L-Indice-des-prix-a-la-consommation-IPC-du-mois-de-Juillet-2024_a3931.html
2024,d'Août,https://www.hcp.ma/L-Indice-des-prix-a-la-consommation-IPC-du-mois-d-Aout-2024_a3946.html
2024,de Septembre,https://www.hcp.ma/L-Indice-des-prix-a-la-consommation-IPC-du-mois-de-Septembre-2024_a3963.html
2024,d'Octobre,https://www.hcp.ma/L-Indice-des-prix-a-la-consommation-IPC-du-mois-d-Octobre-2024_a3983.html
2024,de Novembre,https://www.hcp.ma/L-Indice-des-prix-a-la-consommation-IPC-du-mois-de-Novembre-2024_a4031.html
2024,de Décembre,https://www.hcp.ma/L-Indice-des-prix-a-la-consommation-IPC-de-l-annee-2024_a4056.html
2025,de Janvier,https://www.hcp.ma/L-Indice-des-prix-a-la-consommation-IPC-du-mois-de-Janvier-2025_a4068.html
2025,de Février,https://www.hcp.ma/L-Indice-des-prix-a-la-consommation-IPC-du-mois-de-Fevrier-2025_a4077.html
2025,de Mars,https://www.hcp.ma/L-Indice-des-prix-a-la-consommation-IPC-du-mois-de-Mars-2025_a4090.html
2025,d'Avril,https://www.hcp.ma/L-Indice-des-prix-a-la-consommation-IPC-du-mois-d-Avril-2025_a4102.html
2025,de Mai,https://www.hcp.ma/L-Indice-des-prix-a-la-consommation-IPC-du-mois-de-Mai-2025_a4132.html
2025,de Juin,https://www.hcp.ma/L-Indice-des-prix-a-la-consommation-IPC-du-mois-de-Juin-2025_a4160.html
2025,de Juillet,https://www.hcp.ma/L-Indice-des-prix-a-la-consommation-IPC-du-mois-de-Juillet-2025_a4165.html
2025,d'Août,https://www.hcp.ma/L-Indice-des-prix-a-la-consommation-IPC-du-mois-d-aout-2025_a4173.html
2025,de Septembre,https://www.hcp.ma/L-Indice-des-prix-a-la-consommation-IPC-du-mois-de-Septembre-2025_a4200.html
2025,d'Octobre,https://www.hcp.ma/L-Indice-des-prix-a-la-consommation-IPC-du-mois-d-Octobre-2025_a4212.html
2025,de Novembre,https://www.hcp.ma/L-Indice-des-prix-a-la-consommation-IPC-du-mois-de-Novembre-2025_a4231.html
2025,de Décembre,nan
